source_school_name,canonical_school_name,sveitarfelag_harmonized,sveitarfelag_source,mapping_priority,match_status,match_confidence,match_source,graduate_count,average_grunnskoli_icelandic_grade,average_grunnskoli_math_grade,framhaldsskoli_grunnskoli_row_count,framhaldsskoli_grunnskoli_student_count,has_graduates_table_row,has_grades_by_grunnskoli_row,has_framhaldsskoli_grunnskoli_rows,is_excluded_group_or_aggregate,notes,source_url,source_note
Akurskóli,Akurskóli,Reykjanesbær,Reykjanesbær,analysis_required,matched_exact,1.000,samband_grunnskolar_excel,22,3.0,2.9,1,13,true,true,true,false,Exact normalized match.,https://www.althingi.is/altext/pdf/157/s/1182.pdf,Alþingi PDF candidate school-level output joined to the Phase 4 school crosswalk. Rows are extraction candidates; do not treat graduate counts as true graduation rates.
Alþjóðaskólinn á Íslandi,Alþjóðaskólinn á Íslandi,Garðabær,Garðabær,analysis_required,matched_exact,1.000,samband_grunnskolar_excel,4,,,0,,true,false,false,false,Exact normalized match.,https://www.althingi.is/altext/pdf/157/s/1182.pdf,Alþingi PDF candidate school-level output joined to the Phase 4 school crosswalk. Rows are extraction candidates; do not treat graduate counts as true graduation rates.
Austurbæjarskóli,Austurbæjarskóli,Reykjavíkurborg,Reykjavíkurborg,analysis_required,matched_exact,1.000,samband_grunnskolar_excel,27,3.5,3.5,2,11,true,true,true,false,Exact normalized match.,https://www.althingi.is/altext/pdf/157/s/1182.pdf,Alþingi PDF candidate school-level output joined to the Phase 4 school crosswalk. Rows are extraction candidates; do not treat graduate counts as true graduation rates.
"Auðarskóli, grunnskóladeild Búðardal",Auðarskóli,Dalabyggð,Dalabyggð,analysis_required,matched_manual,1.000,data/manual/manual_school_crosswalk.csv,2,,,0,,true,false,false,false,Búðardalur school / Auðarskóli.,https://www.althingi.is/altext/pdf/157/s/1182.pdf,Alþingi PDF candidate school-level output joined to the Phase 4 school crosswalk. Rows are extraction candidates; do not treat graduate counts as true graduation rates.
Barnaskólinn á Eyrarbakka og Stokkseyri,Barnaskólinn á Eyrarbakka og Stokkseyri,Sveitarfélagið Árborg,Sveitarfélagið Árborg,analysis_required,matched_exact,1.000,samband_grunnskolar_excel,6,3.0,2.5,0,,true,true,false,false,Exact normalized match.,https://www.althingi.is/altext/pdf/157/s/1182.pdf,Alþingi PDF candidate school-level output joined to the Phase 4 school crosswalk. Rows are extraction candidates; do not treat graduate counts as true graduation rates.
Bláskógaskóli Laugarvatni,Bláskógaskóli - Laugarvatni,Bláskógabyggð,Bláskógabyggð,analysis_required,matched_exact,1.000,samband_grunnskolar_excel,4,,,0,,true,false,false,false,Exact normalized match.,https://www.althingi.is/altext/pdf/157/s/1182.pdf,Alþingi PDF candidate school-level output joined to the Phase 4 school crosswalk. Rows are extraction candidates; do not treat graduate counts as true graduation rates.
Bláskógaskóli Reykholti,Reykholtsskóli / Bláskógaskóli Reykholti,Bláskógabyggð,Bláskógabyggð,analysis_required,matched_manual,1.000,data/manual/manual_school_crosswalk.csv,4,,,0,,true,false,false,false,Reykholt location of Bláskógaskóli / current Reykholtsskóli naming.,https://www.althingi.is/altext/pdf/157/s/1182.pdf,Alþingi PDF candidate school-level output joined to the Phase 4 school crosswalk. Rows are extraction candidates; do not treat graduate counts as true graduation rates.
Blönduskóli,Blönduskóli / Húnaskóli,Húnabyggð,Húnabyggð,analysis_required,matched_manual,1.000,data/manual/manual_school_crosswalk.csv,8,3.4,3.2,0,,true,true,false,false,Current municipality harmonized to Húnabyggð.,https://www.althingi.is/altext/pdf/157/s/1182.pdf,Alþingi PDF candidate school-level output joined to the Phase 4 school crosswalk. Rows are extraction candidates; do not treat graduate counts as true graduation rates.
Borgarhólsskóli,Borgarhólsskóli,Norðurþing,Norðurþing,analysis_required,matched_exact,1.000,samband_grunnskolar_excel,22,2.9,2.9,1,17,true,true,true,false,Exact normalized match.,https://www.althingi.is/altext/pdf/157/s/1182.pdf,Alþingi PDF candidate school-level output joined to the Phase 4 school crosswalk. Rows are extraction candidates; do not treat graduate counts as true graduation rates.
Breiðholtsskóli,Breiðholtsskóli,Reykjavíkurborg,Reykjavíkurborg,analysis_required,matched_exact,1.000,samband_grunnskolar_excel,18,3.4,3.2,1,8,true,true,true,false,Exact normalized match.,https://www.althingi.is/altext/pdf/157/s/1182.pdf,Alþingi PDF candidate school-level output joined to the Phase 4 school crosswalk. Rows are extraction candidates; do not treat graduate counts as true graduation rates.
Brekkubæjarskóli,Brekkubæjarskóli,Akraneskaupstaður,Akraneskaupstaður,analysis_required,matched_exact,1.000,samband_grunnskolar_excel,17,3.2,3.1,1,15,true,true,true,false,Exact normalized match.,https://www.althingi.is/altext/pdf/157/s/1182.pdf,Alþingi PDF candidate school-level output joined to the Phase 4 school crosswalk. Rows are extraction candidates; do not treat graduate counts as true graduation rates.
Brekkuskóli,Brekkuskóli,Akureyrarbær,Akureyrarkaupstaður,analysis_required,matched_exact,1.000,samband_grunnskolar_excel,37,3.0,2.9,2,31,true,true,true,false,Exact normalized match.,https://www.althingi.is/altext/pdf/157/s/1182.pdf,Alþingi PDF candidate school-level output joined to the Phase 4 school crosswalk. Rows are extraction candidates; do not treat graduate counts as true graduation rates.
Brúarásskóli,Brúarásskóli,Múlaþing,Fljótsdalshérað,analysis_required,matched_exact,1.000,samband_grunnskolar_excel,4,,,0,,true,false,false,false,Exact normalized match.,https://www.althingi.is/altext/pdf/157/s/1182.pdf,Alþingi PDF candidate school-level output joined to the Phase 4 school crosswalk. Rows are extraction candidates; do not treat graduate counts as true graduation rates.
Bíldudalsskóli,Bíldudalsskóli,Vesturbyggð,Vesturbyggð,analysis_required,matched_exact,1.000,samband_grunnskolar_excel,1,,,0,,true,false,false,false,Exact normalized match.,https://www.althingi.is/altext/pdf/157/s/1182.pdf,Alþingi PDF candidate school-level output joined to the Phase 4 school crosswalk. Rows are extraction candidates; do not treat graduate counts as true graduation rates.
Dalskóli,Dalskóli,Reykjavíkurborg,Reykjavíkurborg,analysis_required,matched_exact,1.000,samband_grunnskolar_excel,11,3.5,3.2,0,,true,true,false,false,Exact normalized match.,https://www.althingi.is/altext/pdf/157/s/1182.pdf,Alþingi PDF candidate school-level output joined to the Phase 4 school crosswalk. Rows are extraction candidates; do not treat graduate counts as true graduation rates.
Dalvíkurskóli,Dalvíkurskóli,Dalvíkurbyggð,Dalvíkurbyggð,analysis_required,matched_exact,1.000,samband_grunnskolar_excel,12,2.7,2.4,1,8,true,true,true,false,Exact normalized match.,https://www.althingi.is/altext/pdf/157/s/1182.pdf,Alþingi PDF candidate school-level output joined to the Phase 4 school crosswalk. Rows are extraction candidates; do not treat graduate counts as true graduation rates.
Djúpavogsskóli,Djúpavogsskóli,Múlaþing,Múlaþing (Djúpavogshreppur),analysis_required,matched_exact,1.000,samband_grunnskolar_excel,2,,,0,,true,false,false,false,Exact normalized match.,https://www.althingi.is/altext/pdf/157/s/1182.pdf,Alþingi PDF candidate school-level output joined to the Phase 4 school crosswalk. Rows are extraction candidates; do not treat graduate counts as true graduation rates.
Egilsstaðaskóli,Egilsstaðaskóli,Múlaþing,Múlaþing (Fljótsdalshérað),analysis_required,matched_exact,1.000,samband_grunnskolar_excel,19,2.9,2.8,1,15,true,true,true,false,Exact normalized match.,https://www.althingi.is/altext/pdf/157/s/1182.pdf,Alþingi PDF candidate school-level output joined to the Phase 4 school crosswalk. Rows are extraction candidates; do not treat graduate counts as true graduation rates.
Eskifjarðarskóli,Grunnskóli Eskifjarðar,Fjarðabyggð,Fjarðabyggð,analysis_required,matched_manual,1.000,data/manual/manual_school_crosswalk.csv,2,,,0,,true,false,false,false,Same school/name variant.,https://www.althingi.is/altext/pdf/157/s/1182.pdf,Alþingi PDF candidate school-level output joined to the Phase 4 school crosswalk. Rows are extraction candidates; do not treat graduate counts as true graduation rates.
"Fellaskóli, Fellabæ","Fellaskóli, Fellabæ",Múlaþing,Fljótsdalshérað,analysis_required,matched_exact,1.000,samband_grunnskolar_excel,5,3.2,2.9,0,,true,true,false,false,Exact normalized match.,https://www.althingi.is/altext/pdf/157/s/1182.pdf,Alþingi PDF candidate school-level output joined to the Phase 4 school crosswalk. Rows are extraction candidates; do not treat graduate counts as true graduation rates.
"Fellaskóli, Norðurfelli",,Reykjavíkurborg,Reykjavíkurborg,analysis_required,matched_municipality_rule_canonical_uncertain,,municipality_location_hint,8,2.8,3.0,0,,true,true,false,false,Sveitarfelag assigned from explicit location signal in source name; canonical school remains uncertain.,https://www.althingi.is/altext/pdf/157/s/1182.pdf,Alþingi PDF candidate school-level output joined to the Phase 4 school crosswalk. Rows are extraction candidates; do not treat graduate counts as true graduation rates.
Flóaskóli,Flóaskóli,Flóahreppur,Flóahreppur,analysis_required,matched_exact,1.000,samband_grunnskolar_excel,5,2.9,3.7,0,,true,true,false,false,Exact normalized match.,https://www.althingi.is/altext/pdf/157/s/1182.pdf,Alþingi PDF candidate school-level output joined to the Phase 4 school crosswalk. Rows are extraction candidates; do not treat graduate counts as true graduation rates.
Flúðaskóli,Flúðaskóli,Hrunamannahreppur,Hrunamannahreppur,analysis_required,matched_exact,1.000,samband_grunnskolar_excel,13,2.8,3.1,1,7,true,true,true,false,Exact normalized match.,https://www.althingi.is/altext/pdf/157/s/1182.pdf,Alþingi PDF candidate school-level output joined to the Phase 4 school crosswalk. Rows are extraction candidates; do not treat graduate counts as true graduation rates.
Foldaskóli,Foldaskóli,Reykjavíkurborg,Reykjavíkurborg,analysis_required,matched_exact,1.000,samband_grunnskolar_excel,47,3.6,3.3,4,32,true,true,true,false,Exact normalized match.,https://www.althingi.is/altext/pdf/157/s/1182.pdf,Alþingi PDF candidate school-level output joined to the Phase 4 school crosswalk. Rows are extraction candidates; do not treat graduate counts as true graduation rates.
Framsýn menntun ehf.,NÚ / Framsýn menntun,Hafnarfjarðarkaupstaður,Hafnarfjarðarkaupstaður,analysis_required,matched_manual,1.000,data/manual/manual_school_crosswalk.csv,2,,,0,,true,false,false,false,Same entity as NÚ - framsýn menntun.,https://www.althingi.is/altext/pdf/157/s/1182.pdf,Alþingi PDF candidate school-level output joined to the Phase 4 school crosswalk. Rows are extraction candidates; do not treat graduate counts as true graduation rates.
Færri en 5 nemendur,,,,excluded_group_or_aggregate,excluded_group_or_aggregate,1.000,rule,,3.2,3.1,30,1080,false,true,true,true,Grouped or aggregate source row; no sveitarfelag assigned.,https://www.althingi.is/altext/pdf/157/s/1182.pdf,Alþingi PDF candidate school-level output joined to the Phase 4 school crosswalk. Rows are extraction candidates; do not treat graduate counts as true graduation rates.
Garðaskóli,Garðaskóli,Garðabær,Garðabær,analysis_required,matched_exact,1.000,samband_grunnskolar_excel,142,3.2,3.2,6,122,true,true,true,false,Exact normalized match.,https://www.althingi.is/altext/pdf/157/s/1182.pdf,Alþingi PDF candidate school-level output joined to the Phase 4 school crosswalk. Rows are extraction candidates; do not treat graduate counts as true graduation rates.
Gerðaskóli,Gerðaskóli,Suðurnesjabær,Sveitarfélagið Garður,analysis_required,matched_exact,1.000,samband_grunnskolar_excel,6,2.9,3.3,0,,true,true,false,false,Exact normalized match.,https://www.althingi.is/altext/pdf/157/s/1182.pdf,Alþingi PDF candidate school-level output joined to the Phase 4 school crosswalk. Rows are extraction candidates; do not treat graduate counts as true graduation rates.
Giljaskóli,Giljaskóli,Akureyrarbær,Akureyrarkaupstaður,analysis_required,matched_exact,1.000,samband_grunnskolar_excel,23,3.2,3.2,2,20,true,true,true,false,Exact normalized match.,https://www.althingi.is/altext/pdf/157/s/1182.pdf,Alþingi PDF candidate school-level output joined to the Phase 4 school crosswalk. Rows are extraction candidates; do not treat graduate counts as true graduation rates.
Glerárskóli,Glerárskóli,Akureyrarbær,Akureyrarkaupstaður,analysis_required,matched_exact,1.000,samband_grunnskolar_excel,15,2.9,3.0,2,14,true,true,true,false,Exact normalized match.,https://www.althingi.is/altext/pdf/157/s/1182.pdf,Alþingi PDF candidate school-level output joined to the Phase 4 school crosswalk. Rows are extraction candidates; do not treat graduate counts as true graduation rates.
Grenivíkurskóli,Grenivíkurskóli,Grýtubakkahreppur,Grýtubakkahreppur,analysis_required,matched_exact,1.000,samband_grunnskolar_excel,2,,,0,,true,false,false,false,Exact normalized match.,https://www.althingi.is/altext/pdf/157/s/1182.pdf,Alþingi PDF candidate school-level output joined to the Phase 4 school crosswalk. Rows are extraction candidates; do not treat graduate counts as true graduation rates.
Grundaskóli,Grundaskóli,Akraneskaupstaður,Akraneskaupstaður,analysis_required,matched_exact,1.000,samband_grunnskolar_excel,51,3.1,3.1,1,43,true,true,true,false,Exact normalized match.,https://www.althingi.is/altext/pdf/157/s/1182.pdf,Alþingi PDF candidate school-level output joined to the Phase 4 school crosswalk. Rows are extraction candidates; do not treat graduate counts as true graduation rates.
Grunnskóli Bolungarvíkur,Grunnskólinn í Bolungarvík,Bolungarvíkurkaupstaður,Bolungarvík,analysis_required,matched_fuzzy_high_confidence,0.957,samband_grunnskolar_excel,7,2.9,3.0,1,6,true,true,true,false,High-confidence fuzzy normalized match; review optional.,https://www.althingi.is/altext/pdf/157/s/1182.pdf,Alþingi PDF candidate school-level output joined to the Phase 4 school crosswalk. Rows are extraction candidates; do not treat graduate counts as true graduation rates.
Grunnskóli Borgarfjarðar,Grunnskóli Borgarfjarðar,Borgarbyggð,Borgarbyggð,analysis_required,matched_exact,1.000,samband_grunnskolar_excel,9,3.5,3.5,0,,true,true,false,false,Exact normalized match.,https://www.althingi.is/altext/pdf/157/s/1182.pdf,Alþingi PDF candidate school-level output joined to the Phase 4 school crosswalk. Rows are extraction candidates; do not treat graduate counts as true graduation rates.
Grunnskóli Borgarfjarðar-eystri,Grunnskóli Borgarfjarðar eystri,Múlaþing,Múlaþing (Borgarfjarðarhreppur),analysis_required,matched_exact,1.000,samband_grunnskolar_excel,1,,,0,,true,false,false,false,Exact normalized match.,https://www.althingi.is/altext/pdf/157/s/1182.pdf,Alþingi PDF candidate school-level output joined to the Phase 4 school crosswalk. Rows are extraction candidates; do not treat graduate counts as true graduation rates.
Grunnskóli Djúpavogs,Djúpavogsskóli,Múlaþing,Múlaþing,analysis_required,matched_manual,1.000,data/manual/manual_school_crosswalk.csv,1,,,0,,true,false,false,false,Current municipality harmonized to Múlaþing.,https://www.althingi.is/altext/pdf/157/s/1182.pdf,Alþingi PDF candidate school-level output joined to the Phase 4 school crosswalk. Rows are extraction candidates; do not treat graduate counts as true graduation rates.
Grunnskóli Fjallabyggðar,Grunnskóli Fjallabyggðar,Fjallabyggð,Fjallabyggð,analysis_required,matched_exact,1.000,samband_grunnskolar_excel,6,3.2,3.1,0,,true,true,false,false,Exact normalized match.,https://www.althingi.is/altext/pdf/157/s/1182.pdf,Alþingi PDF candidate school-level output joined to the Phase 4 school crosswalk. Rows are extraction candidates; do not treat graduate counts as true graduation rates.
Grunnskóli Grindavíkur,,Grindavíkurbær,Grindavíkurbær,analysis_required,matched_municipality_rule_canonical_uncertain,,municipality_location_hint,26,3.2,3.3,2,14,true,true,true,false,Sveitarfelag assigned from explicit location signal in source name; canonical school remains uncertain.,https://www.althingi.is/altext/pdf/157/s/1182.pdf,Alþingi PDF candidate school-level output joined to the Phase 4 school crosswalk. Rows are extraction candidates; do not treat graduate counts as true graduation rates.
Grunnskóli Grundarfjarðar,Grunnskóli Grundarfjarðar,Grundarfjarðarbær,Grundarfjarðarbær,analysis_required,matched_exact,1.000,samband_grunnskolar_excel,7,3.3,2.9,1,5,true,true,true,false,Exact normalized match.,https://www.althingi.is/altext/pdf/157/s/1182.pdf,Alþingi PDF candidate school-level output joined to the Phase 4 school crosswalk. Rows are extraction candidates; do not treat graduate counts as true graduation rates.
Grunnskóli Hornafjarðar,Grunnskóli Hornafjarðar,Sveitarfélagið Hornafjörður,Sveitarfélagið Hornafjörður,analysis_required,matched_exact,1.000,samband_grunnskolar_excel,16,3.2,3.5,1,7,true,true,true,false,Exact normalized match.,https://www.althingi.is/altext/pdf/157/s/1182.pdf,Alþingi PDF candidate school-level output joined to the Phase 4 school crosswalk. Rows are extraction candidates; do not treat graduate counts as true graduation rates.
Grunnskóli Húnaþings vestra,Grunnskóli Húnaþings vestra,Húnaþing vestra,Húnaþing vestra,analysis_required,matched_exact,1.000,samband_grunnskolar_excel,7,3.0,2.9,0,,true,true,false,false,Exact normalized match.,https://www.althingi.is/altext/pdf/157/s/1182.pdf,Alþingi PDF candidate school-level output joined to the Phase 4 school crosswalk. Rows are extraction candidates; do not treat graduate counts as true graduation rates.
Grunnskóli Reyðarfjarðar,Grunnskóli Reyðarfjarðar,Fjarðabyggð,Fjarðabyggð,analysis_required,matched_exact,1.000,samband_grunnskolar_excel,10,3.2,3.0,0,,true,true,false,false,Exact normalized match.,https://www.althingi.is/altext/pdf/157/s/1182.pdf,Alþingi PDF candidate school-level output joined to the Phase 4 school crosswalk. Rows are extraction candidates; do not treat graduate counts as true graduation rates.
Grunnskóli Seltjarnarness,,Seltjarnarnesbær,Seltjarnarneskaupstaður,analysis_required,matched_municipality_rule_canonical_uncertain,,municipality_location_hint,29,3.3,3.8,2,21,true,true,true,false,Sveitarfelag assigned from explicit location signal in source name; canonical school remains uncertain.,https://www.althingi.is/altext/pdf/157/s/1182.pdf,Alþingi PDF candidate school-level output joined to the Phase 4 school crosswalk. Rows are extraction candidates; do not treat graduate counts as true graduation rates.
Grunnskóli Snæfellsbæjar,Grunnskóli Snæfellsbæjar,Snæfellsbær,Snæfellsbær,analysis_required,matched_exact,1.000,samband_grunnskolar_excel,18,3.2,2.9,1,8,true,true,true,false,Exact normalized match.,https://www.althingi.is/altext/pdf/157/s/1182.pdf,Alþingi PDF candidate school-level output joined to the Phase 4 school crosswalk. Rows are extraction candidates; do not treat graduate counts as true graduation rates.
Grunnskóli Vestmannaeyja,Grunnskóli Vestmannaeyja/Barnaskólinn,Vestmannaeyjabær,Vestmannaeyjabær,analysis_required,matched_exact,1.000,samband_grunnskolar_excel,31,3.3,3.2,1,18,true,true,true,false,Exact normalized match.,https://www.althingi.is/altext/pdf/157/s/1182.pdf,Alþingi PDF candidate school-level output joined to the Phase 4 school crosswalk. Rows are extraction candidates; do not treat graduate counts as true graduation rates.
Grunnskóli Vesturbyggðar,,Vesturbyggð,Vesturbyggð,analysis_required,matched_municipality_rule_canonical_uncertain,,municipality_location_hint,4,,,0,,true,false,false,false,Sveitarfelag assigned from explicit location signal in source name; canonical school remains uncertain.,https://www.althingi.is/altext/pdf/157/s/1182.pdf,Alþingi PDF candidate school-level output joined to the Phase 4 school crosswalk. Rows are extraction candidates; do not treat graduate counts as true graduation rates.
Grunnskólinn Hellu,Grunnskólinn á Hellu,Rangárþing ytra,Rangárþing ytra,analysis_required,matched_rule,1.000,samband_grunnskolar_excel_alias,11,3.1,2.6,0,,true,true,false,false,"Matched by conservative alias rule: slash, parenthetical, or Grunnskólinn/Grunnskóli variant.",https://www.althingi.is/altext/pdf/157/s/1182.pdf,Alþingi PDF candidate school-level output joined to the Phase 4 school crosswalk. Rows are extraction candidates; do not treat graduate counts as true graduation rates.
Grunnskólinn austan Vatna,Grunnskólinn austan Vatna,Skagafjörður,Sveitarfélagið Skagafjörður,analysis_required,matched_exact,1.000,samband_grunnskolar_excel,4,,,0,,true,false,false,false,Exact normalized match.,https://www.althingi.is/altext/pdf/157/s/1182.pdf,Alþingi PDF candidate school-level output joined to the Phase 4 school crosswalk. Rows are extraction candidates; do not treat graduate counts as true graduation rates.
Grunnskólinn á Eskifirði,Grunnskóli Eskifjarðar,Fjarðabyggð,Fjarðabyggð,analysis_required,matched_manual,1.000,data/manual/manual_school_crosswalk.csv,4,,,0,,true,false,false,false,Same school/name variant.,https://www.althingi.is/altext/pdf/157/s/1182.pdf,Alþingi PDF candidate school-level output joined to the Phase 4 school crosswalk. Rows are extraction candidates; do not treat graduate counts as true graduation rates.
Grunnskólinn á Suðureyri,Grunnskólinn á Suðureyri,Ísafjarðarbær,Ísafjarðarbær,analysis_required,matched_exact,1.000,samband_grunnskolar_excel,5,2.9,2.9,0,,true,true,false,false,Exact normalized match.,https://www.althingi.is/altext/pdf/157/s/1182.pdf,Alþingi PDF candidate school-level output joined to the Phase 4 school crosswalk. Rows are extraction candidates; do not treat graduate counts as true graduation rates.
Grunnskólinn á Ísafirði,Grunnskólinn á Ísafirði,Ísafjarðarbær,Ísafjarðarbær,analysis_required,matched_exact,1.000,samband_grunnskolar_excel,26,2.6,2.3,1,23,true,true,true,false,Exact normalized match.,https://www.althingi.is/altext/pdf/157/s/1182.pdf,Alþingi PDF candidate school-level output joined to the Phase 4 school crosswalk. Rows are extraction candidates; do not treat graduate counts as true graduation rates.
Grunnskólinn á Þingeyri,Grunnskólinn Þingeyri,Ísafjarðarbær,Ísafjarðarbær,analysis_required,matched_rule,1.000,samband_grunnskolar_excel_alias,2,,,0,,true,false,false,false,"Matched by conservative alias rule: slash, parenthetical, or Grunnskólinn/Grunnskóli variant.",https://www.althingi.is/altext/pdf/157/s/1182.pdf,Alþingi PDF candidate school-level output joined to the Phase 4 school crosswalk. Rows are extraction candidates; do not treat graduate counts as true graduation rates.
Grunnskólinn á Þórshöfn,Grunnskólinn á Þórshöfn,Langanesbyggð,Langanesbyggð,analysis_required,matched_exact,1.000,samband_grunnskolar_excel,3,,,0,,true,false,false,false,Exact normalized match.,https://www.althingi.is/altext/pdf/157/s/1182.pdf,Alþingi PDF candidate school-level output joined to the Phase 4 school crosswalk. Rows are extraction candidates; do not treat graduate counts as true graduation rates.
Grunnskólinn í Borgarnesi,Grunnskólinn Borgarnesi,Borgarbyggð,Borgarbyggð,analysis_required,matched_rule,1.000,samband_grunnskolar_excel_alias,17,3.2,3.3,1,14,true,true,true,false,"Matched by conservative alias rule: slash, parenthetical, or Grunnskólinn/Grunnskóli variant.",https://www.althingi.is/altext/pdf/157/s/1182.pdf,Alþingi PDF candidate school-level output joined to the Phase 4 school crosswalk. Rows are extraction candidates; do not treat graduate counts as true graduation rates.
Grunnskólinn í Hveragerði,Grunnskólinn í Hveragerði,Hveragerðisbær,Hveragerðisbær,analysis_required,matched_exact,1.000,samband_grunnskolar_excel,17,3.0,3.2,1,8,true,true,true,false,Exact normalized match.,https://www.althingi.is/altext/pdf/157/s/1182.pdf,Alþingi PDF candidate school-level output joined to the Phase 4 school crosswalk. Rows are extraction candidates; do not treat graduate counts as true graduation rates.
Grunnskólinn í Sandgerði,Grunnskólinn í Sandgerði,Suðurnesjabær,Sandgerðisbær,analysis_required,matched_exact,1.000,samband_grunnskolar_excel,6,3.1,3.1,0,,true,true,false,false,Exact normalized match.,https://www.althingi.is/altext/pdf/157/s/1182.pdf,Alþingi PDF candidate school-level output joined to the Phase 4 school crosswalk. Rows are extraction candidates; do not treat graduate counts as true graduation rates.
Grunnskólinn í Stykkishólmi,Grunnskólinn Stykkishólmi,Sveitarfélagið Stykkishólmur,Stykkishólmsbær,analysis_required,matched_rule,1.000,samband_grunnskolar_excel_alias,8,2.8,2.9,0,,true,true,false,false,"Matched by conservative alias rule: slash, parenthetical, or Grunnskólinn/Grunnskóli variant.",https://www.althingi.is/altext/pdf/157/s/1182.pdf,Alþingi PDF candidate school-level output joined to the Phase 4 school crosswalk. Rows are extraction candidates; do not treat graduate counts as true graduation rates.
Grunnskólinn í Þorlákshöfn,Grunnskólinn í Þorlákshöfn,Sveitarfélagið Ölfus,Sveitarfélagið Ölfus,analysis_required,matched_exact,1.000,samband_grunnskolar_excel,23,3.2,3.0,1,18,true,true,true,false,Exact normalized match.,https://www.althingi.is/altext/pdf/157/s/1182.pdf,Alþingi PDF candidate school-level output joined to the Phase 4 school crosswalk. Rows are extraction candidates; do not treat graduate counts as true graduation rates.
Hafralækjarskóli,Hafralækjarskóli / Þingeyjarskóli,Þingeyjarsveit,Þingeyjarsveit,analysis_required,matched_manual,1.000,data/manual/manual_school_crosswalk.csv,7,3.3,3.2,1,6,true,true,true,false,Historical/renamed-school case; current municipality harmonized to Þingeyjarsveit.,https://www.althingi.is/altext/pdf/157/s/1182.pdf,Alþingi PDF candidate school-level output joined to the Phase 4 school crosswalk. Rows are extraction candidates; do not treat graduate counts as true graduation rates.
Hagaskóli,Hagaskóli,Reykjavíkurborg,Reykjavíkurborg,analysis_required,matched_exact,1.000,samband_grunnskolar_excel,148,3.5,3.5,8,139,true,true,true,false,Exact normalized match.,https://www.althingi.is/altext/pdf/157/s/1182.pdf,Alþingi PDF candidate school-level output joined to the Phase 4 school crosswalk. Rows are extraction candidates; do not treat graduate counts as true graduation rates.
Heild,,,,excluded_group_or_aggregate,excluded_group_or_aggregate,1.000,rule,,3.2,3.2,0,,false,true,false,true,Grouped or aggregate source row; no sveitarfelag assigned.,https://www.althingi.is/altext/pdf/157/s/1182.pdf,Alþingi PDF candidate school-level output joined to the Phase 4 school crosswalk. Rows are extraction candidates; do not treat graduate counts as true graduation rates.
Heiðarskóli - Hvalfjarðarsveit,,Hvalfjarðarsveit,Hvalfjarðarsveit,analysis_required,matched_municipality_rule_canonical_uncertain,,municipality_location_hint,4,,,0,,true,false,false,false,Sveitarfelag assigned from explicit location signal in source name; canonical school remains uncertain.,https://www.althingi.is/altext/pdf/157/s/1182.pdf,Alþingi PDF candidate school-level output joined to the Phase 4 school crosswalk. Rows are extraction candidates; do not treat graduate counts as true graduation rates.
Heiðarskóli - Reykjanesbæ,,Reykjanesbær,Reykjanesbær,analysis_required,matched_municipality_rule_canonical_uncertain,,municipality_location_hint,31,3.1,3.1,1,25,true,true,true,false,Sveitarfelag assigned from explicit location signal in source name; canonical school remains uncertain.,https://www.althingi.is/altext/pdf/157/s/1182.pdf,Alþingi PDF candidate school-level output joined to the Phase 4 school crosswalk. Rows are extraction candidates; do not treat graduate counts as true graduation rates.
Hlíðarskóli Akureyri,,Akureyrarbær,Akureyrarkaupstaður,analysis_required,matched_municipality_rule_canonical_uncertain,,municipality_location_hint,1,,,0,,true,false,false,false,Sveitarfelag assigned from explicit location signal in source name; canonical school remains uncertain.,https://www.althingi.is/altext/pdf/157/s/1182.pdf,Alþingi PDF candidate school-level output joined to the Phase 4 school crosswalk. Rows are extraction candidates; do not treat graduate counts as true graduation rates.
Hlíðaskóli,Hlíðaskóli,Reykjavíkurborg,Reykjavíkurborg,analysis_required,matched_exact,1.000,samband_grunnskolar_excel,35,3.5,3.7,2,21,true,true,true,false,Exact normalized match.,https://www.althingi.is/altext/pdf/157/s/1182.pdf,Alþingi PDF candidate school-level output joined to the Phase 4 school crosswalk. Rows are extraction candidates; do not treat graduate counts as true graduation rates.
Holtaskóli,Holtaskóli,Reykjanesbær,Reykjanesbær,analysis_required,matched_exact,1.000,samband_grunnskolar_excel,19,3.1,3.2,1,8,true,true,true,false,Exact normalized match.,https://www.althingi.is/altext/pdf/157/s/1182.pdf,Alþingi PDF candidate school-level output joined to the Phase 4 school crosswalk. Rows are extraction candidates; do not treat graduate counts as true graduation rates.
Hrafnagilsskóli,Hrafnagilsskóli,Eyjafjarðarsveit,Eyjafjarðarsveit,analysis_required,matched_exact,1.000,samband_grunnskolar_excel,11,3.2,3.1,1,6,true,true,true,false,Exact normalized match.,https://www.althingi.is/altext/pdf/157/s/1182.pdf,Alþingi PDF candidate school-level output joined to the Phase 4 school crosswalk. Rows are extraction candidates; do not treat graduate counts as true graduation rates.
Hraunvallaskóli,Hraunvallaskóli,Hafnarfjarðarkaupstaður,Hafnarfjarðarkaupstaður,analysis_required,matched_exact,1.000,samband_grunnskolar_excel,60,3.2,3.2,3,43,true,true,true,false,Exact normalized match.,https://www.althingi.is/altext/pdf/157/s/1182.pdf,Alþingi PDF candidate school-level output joined to the Phase 4 school crosswalk. Rows are extraction candidates; do not treat graduate counts as true graduation rates.
Hríseyjarskóli,Hríseyjarskóli,Akureyrarbær,Akureyrarkaupstaður,analysis_required,matched_exact,1.000,samband_grunnskolar_excel,1,,,0,,true,false,false,false,Exact normalized match.,https://www.althingi.is/altext/pdf/157/s/1182.pdf,Alþingi PDF candidate school-level output joined to the Phase 4 school crosswalk. Rows are extraction candidates; do not treat graduate counts as true graduation rates.
Hvaleyrarskóli,Hvaleyrarskóli,Hafnarfjarðarkaupstaður,Hafnarfjarðarkaupstaður,analysis_required,matched_exact,1.000,samband_grunnskolar_excel,24,3.1,3.0,1,6,true,true,true,false,Exact normalized match.,https://www.althingi.is/altext/pdf/157/s/1182.pdf,Alþingi PDF candidate school-level output joined to the Phase 4 school crosswalk. Rows are extraction candidates; do not treat graduate counts as true graduation rates.
Hvolsskóli,Hvolsskóli,Rangárþing eystra,Rangárþing eystra,analysis_required,matched_exact,1.000,samband_grunnskolar_excel,9,2.8,2.8,0,,true,true,false,false,Exact normalized match.,https://www.althingi.is/altext/pdf/157/s/1182.pdf,Alþingi PDF candidate school-level output joined to the Phase 4 school crosswalk. Rows are extraction candidates; do not treat graduate counts as true graduation rates.
Háaleitisskóli - Reykjanesbæ,,Reykjanesbær,Reykjanesbær,analysis_required,matched_municipality_rule_canonical_uncertain,,municipality_location_hint,8,2.4,2.6,1,6,true,true,true,false,Sveitarfelag assigned from explicit location signal in source name; canonical school remains uncertain.,https://www.althingi.is/altext/pdf/157/s/1182.pdf,Alþingi PDF candidate school-level output joined to the Phase 4 school crosswalk. Rows are extraction candidates; do not treat graduate counts as true graduation rates.
Háaleitisskóli - Álftamýri,,Reykjavíkurborg,Reykjavíkurborg,analysis_required,matched_municipality_rule_canonical_uncertain,,municipality_location_hint,10,2.7,2.3,1,5,true,true,true,false,Sveitarfelag assigned from explicit location signal in source name; canonical school remains uncertain.,https://www.althingi.is/altext/pdf/157/s/1182.pdf,Alþingi PDF candidate school-level output joined to the Phase 4 school crosswalk. Rows are extraction candidates; do not treat graduate counts as true graduation rates.
Háteigsskóli,Háteigsskóli,Reykjavíkurborg,Reykjavíkurborg,analysis_required,matched_exact,1.000,samband_grunnskolar_excel,32,3.4,3.1,4,23,true,true,true,false,Exact normalized match.,https://www.althingi.is/altext/pdf/157/s/1182.pdf,Alþingi PDF candidate school-level output joined to the Phase 4 school crosswalk. Rows are extraction candidates; do not treat graduate counts as true graduation rates.
Hólabrekkuskóli,Hólabrekkuskóli,Reykjavíkurborg,Reykjavíkurborg,analysis_required,matched_exact,1.000,samband_grunnskolar_excel,26,3.1,2.9,2,15,true,true,true,false,Exact normalized match.,https://www.althingi.is/altext/pdf/157/s/1182.pdf,Alþingi PDF candidate school-level output joined to the Phase 4 school crosswalk. Rows are extraction candidates; do not treat graduate counts as true graduation rates.
Höfðaskóli,Höfðaskóli,Sveitarfélagið Skagaströnd,Sveitarfélagið Skagaströnd,analysis_required,matched_exact,1.000,samband_grunnskolar_excel,3,,,0,,true,false,false,false,Exact normalized match.,https://www.althingi.is/altext/pdf/157/s/1182.pdf,Alþingi PDF candidate school-level output joined to the Phase 4 school crosswalk. Rows are extraction candidates; do not treat graduate counts as true graduation rates.
Hörðuvallaskóli,Hörðuvallaskóli,Kópavogsbær,Kópavogsbær,analysis_required,matched_exact,1.000,samband_grunnskolar_excel,59,3.4,3.2,5,47,true,true,true,false,Exact normalized match.,https://www.althingi.is/altext/pdf/157/s/1182.pdf,Alþingi PDF candidate school-level output joined to the Phase 4 school crosswalk. Rows are extraction candidates; do not treat graduate counts as true graduation rates.
Húnavallaskóli,Húnavallaskóli / Húnaskóli,Húnabyggð,Húnabyggð,analysis_required,matched_manual,1.000,data/manual/manual_school_crosswalk.csv,2,,,0,,true,false,false,false,Current municipality harmonized to Húnabyggð.,https://www.althingi.is/altext/pdf/157/s/1182.pdf,Alþingi PDF candidate school-level output joined to the Phase 4 school crosswalk. Rows are extraction candidates; do not treat graduate counts as true graduation rates.
Ingunnarskóli,Ingunnarskóli,Reykjavíkurborg,Reykjavíkurborg,analysis_required,matched_exact,1.000,samband_grunnskolar_excel,31,3.2,3.3,2,16,true,true,true,false,Exact normalized match.,https://www.althingi.is/altext/pdf/157/s/1182.pdf,Alþingi PDF candidate school-level output joined to the Phase 4 school crosswalk. Rows are extraction candidates; do not treat graduate counts as true graduation rates.
Kelduskóli - Vík,Kelduskóli - Vík,Reykjavíkurborg,Reykjavíkurborg,analysis_required,matched_manual,1.000,data/manual/manual_school_crosswalk.csv,7,2.8,2.6,0,,true,true,false,false,Reykjavík school site.,https://www.althingi.is/altext/pdf/157/s/1182.pdf,Alþingi PDF candidate school-level output joined to the Phase 4 school crosswalk. Rows are extraction candidates; do not treat graduate counts as true graduation rates.
Kerhólsskóli,Kerhólsskól,Grímsnes- og Grafningshreppur,Grímsnes- og Grafningsher.,analysis_required,matched_fuzzy_high_confidence,0.957,samband_grunnskolar_excel,1,,,0,,true,false,false,false,High-confidence fuzzy normalized match; review optional.,https://www.althingi.is/altext/pdf/157/s/1182.pdf,Alþingi PDF candidate school-level output joined to the Phase 4 school crosswalk. Rows are extraction candidates; do not treat graduate counts as true graduation rates.
Kirkjubæjarskóli,Kirkjubæjarskóli,Skaftárhreppur,Skaftárhreppur,analysis_required,matched_exact,1.000,samband_grunnskolar_excel,2,,,0,,true,false,false,false,Exact normalized match.,https://www.althingi.is/altext/pdf/157/s/1182.pdf,Alþingi PDF candidate school-level output joined to the Phase 4 school crosswalk. Rows are extraction candidates; do not treat graduate counts as true graduation rates.
Klébergsskóli,Klébergsskóli,Reykjavíkurborg,Reykjavíkurborg,analysis_required,matched_exact,1.000,samband_grunnskolar_excel,8,2.9,2.7,0,,true,true,false,false,Exact normalized match.,https://www.althingi.is/altext/pdf/157/s/1182.pdf,Alþingi PDF candidate school-level output joined to the Phase 4 school crosswalk. Rows are extraction candidates; do not treat graduate counts as true graduation rates.
Kársnesskóli,Kársnesskóli,Kópavogsbær,Kópavogsbær,analysis_required,matched_exact,1.000,samband_grunnskolar_excel,39,3.5,3.4,4,26,true,true,true,false,Exact normalized match.,https://www.althingi.is/altext/pdf/157/s/1182.pdf,Alþingi PDF candidate school-level output joined to the Phase 4 school crosswalk. Rows are extraction candidates; do not treat graduate counts as true graduation rates.
Kópavogsskóli,Kópavogsskóli,Kópavogsbær,Kópavogsbær,analysis_required,matched_exact,1.000,samband_grunnskolar_excel,20,3.0,3.0,0,,true,true,false,false,Exact normalized match.,https://www.althingi.is/altext/pdf/157/s/1182.pdf,Alþingi PDF candidate school-level output joined to the Phase 4 school crosswalk. Rows are extraction candidates; do not treat graduate counts as true graduation rates.
Landakotsskóli,Landakotsskóli,Reykjavíkurborg,Reykjavíkurborg,analysis_required,matched_exact,1.000,samband_grunnskolar_excel,9,3.7,3.9,0,,true,true,false,false,Exact normalized match.,https://www.althingi.is/altext/pdf/157/s/1182.pdf,Alþingi PDF candidate school-level output joined to the Phase 4 school crosswalk. Rows are extraction candidates; do not treat graduate counts as true graduation rates.
Langholtsskóli,Langholtsskóli,Reykjavíkurborg,Reykjavíkurborg,analysis_required,matched_exact,1.000,samband_grunnskolar_excel,30,3.2,3.7,2,15,true,true,true,false,Exact normalized match.,https://www.althingi.is/altext/pdf/157/s/1182.pdf,Alþingi PDF candidate school-level output joined to the Phase 4 school crosswalk. Rows are extraction candidates; do not treat graduate counts as true graduation rates.
Laugalandsskóli í Holtum,Grunnskólinn á Laugalandi / Laugalandsskóli,Rangárþing ytra,Rangárþing ytra,analysis_required,matched_manual,1.000,data/manual/manual_school_crosswalk.csv,6,3.7,3.2,0,,true,true,false,false,Same school/name variant.,https://www.althingi.is/altext/pdf/157/s/1182.pdf,Alþingi PDF candidate school-level output joined to the Phase 4 school crosswalk. Rows are extraction candidates; do not treat graduate counts as true graduation rates.
Laugalækjarskóli,Laugalækjarskóli,Reykjavíkurborg,Reykjavíkurborg,analysis_required,matched_exact,1.000,samband_grunnskolar_excel,51,3.4,3.3,4,40,true,true,true,false,Exact normalized match.,https://www.althingi.is/altext/pdf/157/s/1182.pdf,Alþingi PDF candidate school-level output joined to the Phase 4 school crosswalk. Rows are extraction candidates; do not treat graduate counts as true graduation rates.
Lindaskóli,Lindaskóli,Kópavogsbær,Kópavogsbær,analysis_required,matched_exact,1.000,samband_grunnskolar_excel,28,3.5,3.3,2,14,true,true,true,false,Exact normalized match.,https://www.althingi.is/altext/pdf/157/s/1182.pdf,Alþingi PDF candidate school-level output joined to the Phase 4 school crosswalk. Rows are extraction candidates; do not treat graduate counts as true graduation rates.
Lundarskóli,Lundarskóli,Akureyrarbær,Akureyrarkaupstaður,analysis_required,matched_exact,1.000,samband_grunnskolar_excel,32,3.1,3.2,2,29,true,true,true,false,Exact normalized match.,https://www.althingi.is/altext/pdf/157/s/1182.pdf,Alþingi PDF candidate school-level output joined to the Phase 4 school crosswalk. Rows are extraction candidates; do not treat graduate counts as true graduation rates.
Lágafellsskóli,Lágafellsskóli,Mosfellsbær,Mosfellsbær,analysis_required,matched_exact,1.000,samband_grunnskolar_excel,39,3.3,3.3,2,17,true,true,true,false,Exact normalized match.,https://www.althingi.is/altext/pdf/157/s/1182.pdf,Alþingi PDF candidate school-level output joined to the Phase 4 school crosswalk. Rows are extraction candidates; do not treat graduate counts as true graduation rates.
Lækjarskóli,Lækjarskóli,Hafnarfjarðarkaupstaður,Hafnarfjarðarkaupstaður,analysis_required,matched_exact,1.000,samband_grunnskolar_excel,28,3.0,3.1,2,15,true,true,true,false,Exact normalized match.,https://www.althingi.is/altext/pdf/157/s/1182.pdf,Alþingi PDF candidate school-level output joined to the Phase 4 school crosswalk. Rows are extraction candidates; do not treat graduate counts as true graduation rates.
Myllubakkaskóli,Myllubakkaskóli,Reykjanesbær,Reykjanesbær,analysis_required,matched_exact,1.000,samband_grunnskolar_excel,14,3.3,3.3,1,7,true,true,true,false,Exact normalized match.,https://www.althingi.is/altext/pdf/157/s/1182.pdf,Alþingi PDF candidate school-level output joined to the Phase 4 school crosswalk. Rows are extraction candidates; do not treat graduate counts as true graduation rates.
Naustaskóli,Naustaskóli,Akureyrarbær,Akureyrarkaupstaður,analysis_required,matched_exact,1.000,samband_grunnskolar_excel,22,3.4,3.2,2,19,true,true,true,false,Exact normalized match.,https://www.althingi.is/altext/pdf/157/s/1182.pdf,Alþingi PDF candidate school-level output joined to the Phase 4 school crosswalk. Rows are extraction candidates; do not treat graduate counts as true graduation rates.
Nesskóli,Nesskóli,Fjarðabyggð,Fjarðabyggð,analysis_required,matched_exact,1.000,samband_grunnskolar_excel,10,2.8,2.4,1,8,true,true,true,false,Exact normalized match.,https://www.althingi.is/altext/pdf/157/s/1182.pdf,Alþingi PDF candidate school-level output joined to the Phase 4 school crosswalk. Rows are extraction candidates; do not treat graduate counts as true graduation rates.
Njarðvíkurskóli,Njarðvíkurskóli,Reykjanesbær,Reykjanesbær,analysis_required,matched_exact,1.000,samband_grunnskolar_excel,21,3.2,2.9,1,15,true,true,true,false,Exact normalized match.,https://www.althingi.is/altext/pdf/157/s/1182.pdf,Alþingi PDF candidate school-level output joined to the Phase 4 school crosswalk. Rows are extraction candidates; do not treat graduate counts as true graduation rates.
Norðlingaskóli,Norðlingaskóli,Reykjavíkurborg,Reykjavíkurborg,analysis_required,matched_exact,1.000,samband_grunnskolar_excel,34,3.2,3.4,2,20,true,true,true,false,Exact normalized match.,https://www.althingi.is/altext/pdf/157/s/1182.pdf,Alþingi PDF candidate school-level output joined to the Phase 4 school crosswalk. Rows are extraction candidates; do not treat graduate counts as true graduation rates.
NÚ - framsýn menntun,NÚ / Framsýn menntun,Hafnarfjarðarkaupstaður,Hafnarfjarðarkaupstaður,analysis_required,matched_manual,1.000,data/manual/manual_school_crosswalk.csv,5,3.9,3.5,0,,true,true,false,false,Same entity as Framsýn menntun ehf.,https://www.althingi.is/altext/pdf/157/s/1182.pdf,Alþingi PDF candidate school-level output joined to the Phase 4 school crosswalk. Rows are extraction candidates; do not treat graduate counts as true graduation rates.
Oddeyrarskóli,Oddeyrarskóli,Akureyrarbær,Akureyrarkaupstaður,analysis_required,matched_exact,1.000,samband_grunnskolar_excel,11,3.1,3.0,1,6,true,true,true,false,Exact normalized match.,https://www.althingi.is/altext/pdf/157/s/1182.pdf,Alþingi PDF candidate school-level output joined to the Phase 4 school crosswalk. Rows are extraction candidates; do not treat graduate counts as true graduation rates.
Patreksskóli,Patreksskóli,Vesturbyggð,Vesturbyggð,analysis_required,matched_exact,1.000,samband_grunnskolar_excel,4,,,0,,true,false,false,false,Exact normalized match.,https://www.althingi.is/altext/pdf/157/s/1182.pdf,Alþingi PDF candidate school-level output joined to the Phase 4 school crosswalk. Rows are extraction candidates; do not treat graduate counts as true graduation rates.
Reykhólaskóli,Reykhólaskóli,Reykhólahreppur,Reykhólahreppur,analysis_required,matched_exact,1.000,samband_grunnskolar_excel,2,,,0,,true,false,false,false,Exact normalized match.,https://www.althingi.is/altext/pdf/157/s/1182.pdf,Alþingi PDF candidate school-level output joined to the Phase 4 school crosswalk. Rows are extraction candidates; do not treat graduate counts as true graduation rates.
Reykjahlíðarskóli,Reykjahlíðarskóli,Þingeyjarsveit,Skútustaðahreppur,analysis_required,matched_exact,1.000,samband_grunnskolar_excel,2,,,0,,true,false,false,false,Exact normalized match.,https://www.althingi.is/altext/pdf/157/s/1182.pdf,Alþingi PDF candidate school-level output joined to the Phase 4 school crosswalk. Rows are extraction candidates; do not treat graduate counts as true graduation rates.
Rimaskóli,Rimaskóli,Reykjavíkurborg,Reykjavíkurborg,analysis_required,matched_exact,1.000,samband_grunnskolar_excel,29,3.3,3.2,2,14,true,true,true,false,Exact normalized match.,https://www.althingi.is/altext/pdf/157/s/1182.pdf,Alþingi PDF candidate school-level output joined to the Phase 4 school crosswalk. Rows are extraction candidates; do not treat graduate counts as true graduation rates.
Réttarholtsskóli,Réttarholtsskóli,Reykjavíkurborg,Reykjavíkurborg,analysis_required,matched_exact,1.000,samband_grunnskolar_excel,105,3.2,3.5,7,93,true,true,true,false,Exact normalized match.,https://www.althingi.is/altext/pdf/157/s/1182.pdf,Alþingi PDF candidate school-level output joined to the Phase 4 school crosswalk. Rows are extraction candidates; do not treat graduate counts as true graduation rates.
Salaskóli,Salaskóli,Kópavogsbær,Kópavogsbær,analysis_required,matched_exact,1.000,samband_grunnskolar_excel,45,3.3,3.4,5,33,true,true,true,false,Exact normalized match.,https://www.althingi.is/altext/pdf/157/s/1182.pdf,Alþingi PDF candidate school-level output joined to the Phase 4 school crosswalk. Rows are extraction candidates; do not treat graduate counts as true graduation rates.
Sandgerðisskóli,Grunnskólinn í Sandgerði / Sandgerðisskóli,Suðurnesjabær,Suðurnesjabær,analysis_required,matched_manual,1.000,data/manual/manual_school_crosswalk.csv,6,3.6,3.9,1,6,true,true,true,false,Current municipality harmonized to Suðurnesjabær.,https://www.althingi.is/altext/pdf/157/s/1182.pdf,Alþingi PDF candidate school-level output joined to the Phase 4 school crosswalk. Rows are extraction candidates; do not treat graduate counts as true graduation rates.
Seljaskóli,Seljaskóli,Reykjavíkurborg,Reykjavíkurborg,analysis_required,matched_exact,1.000,samband_grunnskolar_excel,32,3.2,2.8,2,11,true,true,true,false,Exact normalized match.,https://www.althingi.is/altext/pdf/157/s/1182.pdf,Alþingi PDF candidate school-level output joined to the Phase 4 school crosswalk. Rows are extraction candidates; do not treat graduate counts as true graduation rates.
Setbergsskóli,Setbergsskóli,Hafnarfjarðarkaupstaður,Hafnarfjarðarkaupstaður,analysis_required,matched_exact,1.000,samband_grunnskolar_excel,19,3.1,3.3,0,,true,true,false,false,Exact normalized match.,https://www.althingi.is/altext/pdf/157/s/1182.pdf,Alþingi PDF candidate school-level output joined to the Phase 4 school crosswalk. Rows are extraction candidates; do not treat graduate counts as true graduation rates.
Seyðisfjarðarskóli,Seyðisfjarðarskóli,Múlaþing,Seyðisfjarðarkaupstaður,analysis_required,matched_exact,1.000,samband_grunnskolar_excel,4,,,0,,true,false,false,false,Exact normalized match.,https://www.althingi.is/altext/pdf/157/s/1182.pdf,Alþingi PDF candidate school-level output joined to the Phase 4 school crosswalk. Rows are extraction candidates; do not treat graduate counts as true graduation rates.
Sjálandsskóli,Sjálandsskóli,Garðabær,Garðabær,analysis_required,matched_exact,1.000,samband_grunnskolar_excel,16,2.9,2.8,0,,true,true,false,false,Exact normalized match.,https://www.althingi.is/altext/pdf/157/s/1182.pdf,Alþingi PDF candidate school-level output joined to the Phase 4 school crosswalk. Rows are extraction candidates; do not treat graduate counts as true graduation rates.
Smáraskóli,Smáraskóli,Kópavogsbær,Kópavogsbær,analysis_required,matched_exact,1.000,samband_grunnskolar_excel,24,3.1,3.2,1,10,true,true,true,false,Exact normalized match.,https://www.althingi.is/altext/pdf/157/s/1182.pdf,Alþingi PDF candidate school-level output joined to the Phase 4 school crosswalk. Rows are extraction candidates; do not treat graduate counts as true graduation rates.
Snælandsskóli,Snælandsskóli,Kópavogsbær,Kópavogsbær,analysis_required,matched_exact,1.000,samband_grunnskolar_excel,23,3.6,3.5,1,8,true,true,true,false,Exact normalized match.,https://www.althingi.is/altext/pdf/157/s/1182.pdf,Alþingi PDF candidate school-level output joined to the Phase 4 school crosswalk. Rows are extraction candidates; do not treat graduate counts as true graduation rates.
Stóru-Vogaskóli,Stóru-Vogaskóli,Sveitarfélagið Vogar,Sveitarfélagið Vogar,analysis_required,matched_exact,1.000,samband_grunnskolar_excel,7,2.6,2.8,0,,true,true,false,false,Exact normalized match.,https://www.althingi.is/altext/pdf/157/s/1182.pdf,Alþingi PDF candidate school-level output joined to the Phase 4 school crosswalk. Rows are extraction candidates; do not treat graduate counts as true graduation rates.
Stórutjarnaskóli,Stórutjarnaskóli,Þingeyjarsveit,Þingeyjarsveit,analysis_required,matched_exact,1.000,samband_grunnskolar_excel,1,,,0,,true,false,false,false,Exact normalized match.,https://www.althingi.is/altext/pdf/157/s/1182.pdf,Alþingi PDF candidate school-level output joined to the Phase 4 school crosswalk. Rows are extraction candidates; do not treat graduate counts as true graduation rates.
Stöðvarfjarðarskóli,Breiðdals- og Stöðvarfjarðarskóli,Fjarðabyggð,Fjarðabyggð,analysis_required,matched_manual,1.000,data/manual/manual_school_crosswalk.csv,4,,,0,,true,false,false,false,Stöðvarfjörður school/site.,https://www.althingi.is/altext/pdf/157/s/1182.pdf,Alþingi PDF candidate school-level output joined to the Phase 4 school crosswalk. Rows are extraction candidates; do not treat graduate counts as true graduation rates.
Sunnulækjarskóli,Sunnulækjarskóli,Sveitarfélagið Árborg,Sveitarfélagið Árborg,analysis_required,matched_exact,1.000,samband_grunnskolar_excel,41,3.1,2.8,2,35,true,true,true,false,Exact normalized match.,https://www.althingi.is/altext/pdf/157/s/1182.pdf,Alþingi PDF candidate school-level output joined to the Phase 4 school crosswalk. Rows are extraction candidates; do not treat graduate counts as true graduation rates.
Suðurhlíðarskóli,Suðurhlíðaskóli,Reykjavíkurborg,Reykjavíkurborg,analysis_required,matched_fuzzy_high_confidence,0.968,samband_grunnskolar_excel,1,,,0,,true,false,false,false,High-confidence fuzzy normalized match; review optional.,https://www.althingi.is/altext/pdf/157/s/1182.pdf,Alþingi PDF candidate school-level output joined to the Phase 4 school crosswalk. Rows are extraction candidates; do not treat graduate counts as true graduation rates.
Sæmundarskóli,Sæmundarskóli,Reykjavíkurborg,Reykjavíkurborg,analysis_required,matched_exact,1.000,samband_grunnskolar_excel,41,3.2,3.1,2,18,true,true,true,false,Exact normalized match.,https://www.althingi.is/altext/pdf/157/s/1182.pdf,Alþingi PDF candidate school-level output joined to the Phase 4 school crosswalk. Rows are extraction candidates; do not treat graduate counts as true graduation rates.
Síðuskóli,Síðuskóli,Akureyrarbær,Akureyrarkaupstaður,analysis_required,matched_exact,1.000,samband_grunnskolar_excel,26,3.1,2.8,2,21,true,true,true,false,Exact normalized match.,https://www.althingi.is/altext/pdf/157/s/1182.pdf,Alþingi PDF candidate school-level output joined to the Phase 4 school crosswalk. Rows are extraction candidates; do not treat graduate counts as true graduation rates.
Súðavíkurskóli,Súðavíkurskóli,Súðavíkurhreppur,Súðavík,analysis_required,matched_exact,1.000,samband_grunnskolar_excel,1,,,0,,true,false,false,false,Exact normalized match.,https://www.althingi.is/altext/pdf/157/s/1182.pdf,Alþingi PDF candidate school-level output joined to the Phase 4 school crosswalk. Rows are extraction candidates; do not treat graduate counts as true graduation rates.
Tjarnarskóli,Tjarnarskóli,Reykjavíkurborg,Reykjavíkurborg,analysis_required,matched_exact,1.000,samband_grunnskolar_excel,8,3.6,3.4,1,5,true,true,true,false,Exact normalized match.,https://www.althingi.is/altext/pdf/157/s/1182.pdf,Alþingi PDF candidate school-level output joined to the Phase 4 school crosswalk. Rows are extraction candidates; do not treat graduate counts as true graduation rates.
Tálknafjarðarskóli,Tálknafjarðarskóli,Vesturbyggð,Tálknafjarðarhreppur,analysis_required,matched_exact,1.000,samband_grunnskolar_excel,5,2.8,2.1,0,,true,true,false,false,Exact normalized match.,https://www.althingi.is/altext/pdf/157/s/1182.pdf,Alþingi PDF candidate school-level output joined to the Phase 4 school crosswalk. Rows are extraction candidates; do not treat graduate counts as true graduation rates.
Vallaskóli,Vallaskóli,Sveitarfélagið Árborg,Sveitarfélagið Árborg,analysis_required,matched_exact,1.000,samband_grunnskolar_excel,34,3.0,2.7,1,26,true,true,true,false,Exact normalized match.,https://www.althingi.is/altext/pdf/157/s/1182.pdf,Alþingi PDF candidate school-level output joined to the Phase 4 school crosswalk. Rows are extraction candidates; do not treat graduate counts as true graduation rates.
Valsárskóli,Valsárskóli,Svalbarðsstrandarhreppur,Svalbarðsstrandarhreppur,analysis_required,matched_exact,1.000,samband_grunnskolar_excel,1,,,0,,true,false,false,false,Exact normalized match.,https://www.althingi.is/altext/pdf/157/s/1182.pdf,Alþingi PDF candidate school-level output joined to the Phase 4 school crosswalk. Rows are extraction candidates; do not treat graduate counts as true graduation rates.
Varmahlíðarskóli,Varmahlíðaskóli,Skagafjörður,Sveitarfélagið Skagafjörður,analysis_required,matched_fuzzy_high_confidence,0.968,samband_grunnskolar_excel,5,2.4,2.6,0,,true,true,false,false,High-confidence fuzzy normalized match; review optional.,https://www.althingi.is/altext/pdf/157/s/1182.pdf,Alþingi PDF candidate school-level output joined to the Phase 4 school crosswalk. Rows are extraction candidates; do not treat graduate counts as true graduation rates.
Varmárskóli,Varmárskóli,Mosfellsbær,Mosfellsbær,analysis_required,matched_exact,1.000,samband_grunnskolar_excel,52,3.1,3.1,4,33,true,true,true,false,Exact normalized match.,https://www.althingi.is/altext/pdf/157/s/1182.pdf,Alþingi PDF candidate school-level output joined to the Phase 4 school crosswalk. Rows are extraction candidates; do not treat graduate counts as true graduation rates.
Vatnsendaskóli,Vatnsendaskóli,Kópavogsbær,Kópavogsbær,analysis_required,matched_exact,1.000,samband_grunnskolar_excel,36,3.1,3.2,3,22,true,true,true,false,Exact normalized match.,https://www.althingi.is/altext/pdf/157/s/1182.pdf,Alþingi PDF candidate school-level output joined to the Phase 4 school crosswalk. Rows are extraction candidates; do not treat graduate counts as true graduation rates.
Vogaskóli,Vogaskóli,Reykjavíkurborg,Reykjavíkurborg,analysis_required,matched_exact,1.000,samband_grunnskolar_excel,16,3.5,3.3,1,5,true,true,true,false,Exact normalized match.,https://www.althingi.is/altext/pdf/157/s/1182.pdf,Alþingi PDF candidate school-level output joined to the Phase 4 school crosswalk. Rows are extraction candidates; do not treat graduate counts as true graduation rates.
Vopnafjarðarskóli,Vopnafjarðarskóli,Vopnafjarðarhreppur,Vopnafjarðarhreppur,analysis_required,matched_exact,1.000,samband_grunnskolar_excel,7,3.4,3.4,0,,true,true,false,false,Exact normalized match.,https://www.althingi.is/altext/pdf/157/s/1182.pdf,Alþingi PDF candidate school-level output joined to the Phase 4 school crosswalk. Rows are extraction candidates; do not treat graduate counts as true graduation rates.
Vættaskóli - Engi,Vættaskóli - Engi,Reykjavíkurborg,Reykjavíkurborg,analysis_required,matched_manual,1.000,data/manual/manual_school_crosswalk.csv,12,2.8,2.5,1,5,true,true,true,false,Reykjavík school site.,https://www.althingi.is/altext/pdf/157/s/1182.pdf,Alþingi PDF candidate school-level output joined to the Phase 4 school crosswalk. Rows are extraction candidates; do not treat graduate counts as true graduation rates.
Víkurskóli,Víkurskóli,Reykjavíkurborg,Reykjavíkurborg,analysis_required,matched_manual,1.000,data/manual/manual_school_crosswalk.csv,29,3.5,3.6,2,16,true,true,true,false,"The PDF has a separate “Víkurskóli, Vík í Mýrdal” row, so the plain Víkurskóli row should map to Reykjavíkurborg.",https://www.althingi.is/altext/pdf/157/s/1182.pdf,Alþingi PDF candidate school-level output joined to the Phase 4 school crosswalk. Rows are extraction candidates; do not treat graduate counts as true graduation rates.
"Víkurskóli, Vík í Mýrdal",,Mýrdalshreppur,Mýrdalshreppur,analysis_required,matched_municipality_rule_canonical_uncertain,,municipality_location_hint,2,,,0,,true,false,false,false,Sveitarfelag assigned from explicit location signal in source name; canonical school remains uncertain.,https://www.althingi.is/altext/pdf/157/s/1182.pdf,Alþingi PDF candidate school-level output joined to the Phase 4 school crosswalk. Rows are extraction candidates; do not treat graduate counts as true graduation rates.
Víðistaðaskóli,Víðistaðaskóli,Hafnarfjarðarkaupstaður,Hafnarfjarðarkaupstaður,analysis_required,matched_exact,1.000,samband_grunnskolar_excel,41,3.7,3.5,3,24,true,true,true,false,Exact normalized match.,https://www.althingi.is/altext/pdf/157/s/1182.pdf,Alþingi PDF candidate school-level output joined to the Phase 4 school crosswalk. Rows are extraction candidates; do not treat graduate counts as true graduation rates.
Waldorfskólinn Sólstafir,Waldorfskólinn Sólstafir,Reykjavíkurborg,Reykjavíkurborg,analysis_required,matched_exact,1.000,samband_grunnskolar_excel,4,,,0,,true,false,false,false,Exact normalized match.,https://www.althingi.is/altext/pdf/157/s/1182.pdf,Alþingi PDF candidate school-level output joined to the Phase 4 school crosswalk. Rows are extraction candidates; do not treat graduate counts as true graduation rates.
Waldorfskólinn í Lækjarbotnum,Waldorfskólinn Lækjarbotnum,Kópavogsbær,Kópavogsbær,analysis_required,matched_fuzzy_high_confidence,0.966,samband_grunnskolar_excel,5,3.0,3.3,0,,true,true,false,false,High-confidence fuzzy normalized match; review optional.,https://www.althingi.is/altext/pdf/157/s/1182.pdf,Alþingi PDF candidate school-level output joined to the Phase 4 school crosswalk. Rows are extraction candidates; do not treat graduate counts as true graduation rates.
Álfhólsskóli,Álfhólsskóli,Kópavogsbær,Kópavogsbær,analysis_required,matched_exact,1.000,samband_grunnskolar_excel,27,3.3,3.4,1,5,true,true,true,false,Exact normalized match.,https://www.althingi.is/altext/pdf/157/s/1182.pdf,Alþingi PDF candidate school-level output joined to the Phase 4 school crosswalk. Rows are extraction candidates; do not treat graduate counts as true graduation rates.
Álftamýrarskóli,Álftamýrarskóli,Reykjavíkurborg,Reykjavíkurborg,analysis_required,matched_exact,1.000,samband_grunnskolar_excel,9,3.1,3.6,0,,true,true,false,false,Exact normalized match.,https://www.althingi.is/altext/pdf/157/s/1182.pdf,Alþingi PDF candidate school-level output joined to the Phase 4 school crosswalk. Rows are extraction candidates; do not treat graduate counts as true graduation rates.
Álftanesskóli,Álftanesskóli,Garðabær,Garðabær,analysis_required,matched_exact,1.000,samband_grunnskolar_excel,30,3.3,3.1,3,23,true,true,true,false,Exact normalized match.,https://www.althingi.is/altext/pdf/157/s/1182.pdf,Alþingi PDF candidate school-level output joined to the Phase 4 school crosswalk. Rows are extraction candidates; do not treat graduate counts as true graduation rates.
Árbæjarskóli,Árbæjarskóli,Reykjavíkurborg,Reykjavíkurborg,analysis_required,matched_exact,1.000,samband_grunnskolar_excel,63,3.3,3.2,4,46,true,true,true,false,Exact normalized match.,https://www.althingi.is/altext/pdf/157/s/1182.pdf,Alþingi PDF candidate school-level output joined to the Phase 4 school crosswalk. Rows are extraction candidates; do not treat graduate counts as true graduation rates.
Árskóli,Árskóli,Skagafjörður,Sveitarfélagið Skagafjörður,analysis_required,matched_exact,1.000,samband_grunnskolar_excel,30,3.2,3.2,1,28,true,true,true,false,Exact normalized match.,https://www.althingi.is/altext/pdf/157/s/1182.pdf,Alþingi PDF candidate school-level output joined to the Phase 4 school crosswalk. Rows are extraction candidates; do not treat graduate counts as true graduation rates.
Áslandsskóli,Áslandsskóli,Hafnarfjarðarkaupstaður,Hafnarfjarðarkaupstaður,analysis_required,matched_exact,1.000,samband_grunnskolar_excel,31,3.4,3.6,2,22,true,true,true,false,Exact normalized match.,https://www.althingi.is/altext/pdf/157/s/1182.pdf,Alþingi PDF candidate school-level output joined to the Phase 4 school crosswalk. Rows are extraction candidates; do not treat graduate counts as true graduation rates.
Ölduselsskóli,Ölduselsskóli,Reykjavíkurborg,Reykjavíkurborg,analysis_required,matched_exact,1.000,samband_grunnskolar_excel,23,3.4,3.6,2,11,true,true,true,false,Exact normalized match.,https://www.althingi.is/altext/pdf/157/s/1182.pdf,Alþingi PDF candidate school-level output joined to the Phase 4 school crosswalk. Rows are extraction candidates; do not treat graduate counts as true graduation rates.
Öldutúnsskóli,Öldutúnsskóli,Hafnarfjarðarkaupstaður,Hafnarfjarðarkaupstaður,analysis_required,matched_exact,1.000,samband_grunnskolar_excel,26,3.0,3.0,2,14,true,true,true,false,Exact normalized match.,https://www.althingi.is/altext/pdf/157/s/1182.pdf,Alþingi PDF candidate school-level output joined to the Phase 4 school crosswalk. Rows are extraction candidates; do not treat graduate counts as true graduation rates.
Þelamerkurskóli,Þelamerkurskóli,Hörgársveit,Hörgársveit,analysis_required,matched_exact,1.000,samband_grunnskolar_excel,3,,,0,,true,false,false,false,Exact normalized match.,https://www.althingi.is/altext/pdf/157/s/1182.pdf,Alþingi PDF candidate school-level output joined to the Phase 4 school crosswalk. Rows are extraction candidates; do not treat graduate counts as true graduation rates.
