source_school_name,normalized_school_name,mapping_priority,canonical_school_name,sveitarfelag,in_althingi_graduates,in_althingi_framhaldsskoli_grunnskoli,in_althingi_grunnskoli_grades,in_hagstofa_student_counts,in_hagstofa_10th_grade_counts,match_status,match_confidence,match_source,althingi_graduate_count,size_evidence_note,notes
Akurskóli,akurskoli,analysis_required,Akurskóli,Reykjanesbær,true,true,true,true,true,matched_exact,1.000,samband_grunnskolar_excel,22,,Exact normalized match.
Álfhólsskóli,alfholsskoli,analysis_required,Álfhólsskóli,Kópavogsbær,true,true,true,true,true,matched_exact,1.000,samband_grunnskolar_excel,27,,Exact normalized match.
Álftamýrarskóli,alftamyrarskoli,analysis_required,Álftamýrarskóli,Reykjavíkurborg,true,false,true,true,true,matched_exact,1.000,samband_grunnskolar_excel,9,,Exact normalized match.
Álftanesskóli,alftanesskoli,analysis_required,Álftanesskóli,Garðabær,true,true,true,true,true,matched_exact,1.000,samband_grunnskolar_excel,30,,Exact normalized match.
Alþjóðaskólinn á Íslandi,althjodaskolinn a islandi,analysis_required,Alþjóðaskólinn á Íslandi,Garðabær,true,false,false,true,true,matched_exact,1.000,samband_grunnskolar_excel,4,,Exact normalized match.
Andakílsskóli,andakilsskoli,reference_only,,,false,false,false,true,true,needs_manual_review,0.815,,,,"No exact, rule, municipality, or high-confidence fuzzy match accepted."
Árbæjarskóli,arbaejarskoli,analysis_required,Árbæjarskóli,Reykjavíkurborg,true,true,true,true,true,matched_exact,1.000,samband_grunnskolar_excel,63,,Exact normalized match.
Arnarskóli,arnarskoli,reference_only,Arnarskóli,Kópavogsbær,false,false,false,true,true,matched_exact,1.000,samband_grunnskolar_excel,,,Exact normalized match.
Árskógarskóli,arskogarskoli,reference_only,Árskógarskóli,Dalvíkurbyggð,false,false,false,true,true,matched_exact,1.000,samband_grunnskolar_excel,,,Exact normalized match.
Árskóli,arskoli,analysis_required,Árskóli,Sveitarfélagið Skagafjörður,true,true,true,true,true,matched_exact,1.000,samband_grunnskolar_excel,30,,Exact normalized match.
Ártúnsskóli,artunsskoli,reference_only,Ártúnsskóli,Reykjavíkurborg,false,false,false,true,true,matched_exact,1.000,samband_grunnskolar_excel,,,Exact normalized match.
Ásgarðsskóli,asgardsskoli,reference_only,,,false,false,false,true,true,needs_manual_review,0.833,,,,"No exact, rule, municipality, or high-confidence fuzzy match accepted."
Ásgarður,asgardur,reference_only,,,false,false,false,true,true,needs_manual_review,,,,,"No exact, rule, municipality, or high-confidence fuzzy match accepted."
Áslandsskóli,aslandsskoli,analysis_required,Áslandsskóli,Hafnarfjarðarkaupstaður,true,true,true,true,true,matched_exact,1.000,samband_grunnskolar_excel,31,,Exact normalized match.
Auðarskóli,audarskoli,reference_only,Auðarskóli,Dalabyggð,false,false,false,true,true,matched_exact,1.000,samband_grunnskolar_excel,,,Exact normalized match.
"Auðarskóli, grunnskóladeild Búðardal",audarskoli grunnskoladeild budardal,analysis_required,,,true,false,false,false,false,needs_manual_review,,,2,,"No exact, rule, municipality, or high-confidence fuzzy match accepted."
Austurbæjarskóli,austurbaejarskoli,analysis_required,Austurbæjarskóli,Reykjavíkurborg,true,true,true,true,true,matched_exact,1.000,samband_grunnskolar_excel,27,,Exact normalized match.
Barnaskóli Bárðdæla,barnaskoli barddaela,reference_only,,,false,false,false,true,true,needs_manual_review,,,,,"No exact, rule, municipality, or high-confidence fuzzy match accepted."
Barnaskóli Hjallastefnunnar Garðabæ,barnaskoli hjallastefnunnar gardabae,reference_only,,,false,false,false,true,true,needs_manual_review,0.896,,,,"No exact, rule, municipality, or high-confidence fuzzy match accepted."
Barnaskóli Hjallastefnunnar Hafnarfirði,barnaskoli hjallastefnunnar hafnarfirdi,reference_only,,,false,false,false,true,true,needs_manual_review,0.857,,,,"No exact, rule, municipality, or high-confidence fuzzy match accepted."
Barnaskóli Hjallastefnunnar Reykjanesbæ,barnaskoli hjallastefnunnar reykjanesbae,reference_only,,Reykjanesbær,false,false,false,true,true,matched_municipality_rule_canonical_uncertain,0.861,municipality_location_hint,,,Sveitarfelag assigned from explicit location signal in source name; canonical school remains uncertain.
Barnaskóli Hjallastefnunnar Reykjavík,barnaskoli hjallastefnunnar reykjavik,reference_only,Barnaskóli Hjallastefnunnar í Reykjavík,Reykjavíkurborg,false,false,false,true,true,matched_fuzzy_high_confidence,0.974,samband_grunnskolar_excel,,,High-confidence fuzzy normalized match; review optional.
Barnaskóli Ólafsfjarðar,barnaskoli olafsfjardar,reference_only,,,false,false,false,true,true,needs_manual_review,,,,,"No exact, rule, municipality, or high-confidence fuzzy match accepted."
Barnaskóli Vestmannaeyja,barnaskoli vestmannaeyja,reference_only,Grunnskóli Vestmannaeyja/Barnaskólinn,Vestmannaeyjabær,false,false,false,true,true,matched_exact,1.000,samband_grunnskolar_excel,,,Exact normalized match.
Barnaskólinn á Eyrarbakka og Stokkseyri,barnaskolinn a eyrarbakka og stokkseyri,analysis_required,Barnaskólinn á Eyrarbakka og Stokkseyri,Sveitarfélagið Árborg,true,false,true,true,true,matched_exact,1.000,samband_grunnskolar_excel,6,,Exact normalized match.
Bíldudalsskóli,bildudalsskoli,analysis_required,Bíldudalsskóli,Vesturbyggð,true,false,false,true,true,matched_exact,1.000,samband_grunnskolar_excel,1,,Exact normalized match.
Bláskógaskóli Laugarvatni,blaskogaskoli laugarvatni,analysis_required,Bláskógaskóli - Laugarvatni,Bláskógabyggð,true,false,false,true,true,matched_exact,1.000,samband_grunnskolar_excel,4,,Exact normalized match.
Bláskógaskóli Reykholti,blaskogaskoli reykholti,analysis_required,,,true,false,false,false,false,needs_manual_review,,,4,,"No exact, rule, municipality, or high-confidence fuzzy match accepted."
Blönduskóli,blonduskoli,analysis_required,,,true,false,true,false,false,needs_manual_review,,,8,,"No exact, rule, municipality, or high-confidence fuzzy match accepted."
Borgarhólsskóli,borgarholsskoli,analysis_required,Borgarhólsskóli,Norðurþing,true,true,true,true,true,matched_exact,1.000,samband_grunnskolar_excel,22,,Exact normalized match.
Borgaskóli,borgaskoli,reference_only,Borgaskóli,Reykjavíkurborg,false,false,false,true,true,matched_exact,1.000,samband_grunnskolar_excel,,,Exact normalized match.
Brautarholts- og Gnúpverjaskóli,brautarholts og gnupverjaskoli,reference_only,,,false,false,false,true,true,needs_manual_review,,,,,"No exact, rule, municipality, or high-confidence fuzzy match accepted."
Brautarholtsskóli,brautarholtsskoli,reference_only,,,false,false,false,true,true,needs_manual_review,0.848,,,,"No exact, rule, municipality, or high-confidence fuzzy match accepted."
Breiðagerðisskóli,breidagerdisskoli,reference_only,Breiðagerðisskóli,Reykjavíkurborg,false,false,false,true,true,matched_exact,1.000,samband_grunnskolar_excel,,,Exact normalized match.
Breiðdals- og Stöðvarfjarðarskóli,breiddals og stodvarfjardarskoli,reference_only,Breiðdals- og Stöðvarfjarðarskóli,Fjarðabyggð,false,false,false,true,true,matched_exact,1.000,samband_grunnskolar_excel,,,Exact normalized match.
Breiðholtsskóli,breidholtsskoli,analysis_required,Breiðholtsskóli,Reykjavíkurborg,true,true,true,true,true,matched_exact,1.000,samband_grunnskolar_excel,18,,Exact normalized match.
Brekkubæjarskóli,brekkubaejarskoli,analysis_required,Brekkubæjarskóli,Akraneskaupstaður,true,true,true,true,true,matched_exact,1.000,samband_grunnskolar_excel,17,,Exact normalized match.
Brekkuskóli,brekkuskoli,analysis_required,Brekkuskóli,Akureyrarkaupstaður,true,true,true,true,true,matched_exact,1.000,samband_grunnskolar_excel,37,,Exact normalized match.
Broddanesskóli,broddanesskoli,reference_only,,,false,false,false,true,true,needs_manual_review,,,,,"No exact, rule, municipality, or high-confidence fuzzy match accepted."
Brúarásskóli,bruarasskoli,analysis_required,Brúarásskóli,Fljótsdalshérað,true,false,false,true,true,matched_exact,1.000,samband_grunnskolar_excel,4,,Exact normalized match.
Brúarskóli,bruarskoli,reference_only,Brúarskóli,Reykjavíkurborg,false,false,false,true,true,matched_exact,1.000,samband_grunnskolar_excel,,,Exact normalized match.
Dalbrautarskóli,dalbrautarskoli,reference_only,,,false,false,false,true,true,needs_manual_review,0.800,,,,"No exact, rule, municipality, or high-confidence fuzzy match accepted."
Dalskóli,dalskoli,analysis_required,Dalskóli,Reykjavíkurborg,true,false,true,true,true,matched_exact,1.000,samband_grunnskolar_excel,11,,Exact normalized match.
Dalvíkurskóli,dalvikurskoli,analysis_required,Dalvíkurskóli,Dalvíkurbyggð,true,true,true,true,true,matched_exact,1.000,samband_grunnskolar_excel,12,,Exact normalized match.
Digranesskóli,digranesskoli,reference_only,,,false,false,false,true,true,needs_manual_review,,,,,"No exact, rule, municipality, or high-confidence fuzzy match accepted."
Djúpavogsskóli,djupavogsskoli,analysis_required,Djúpavogsskóli,Múlaþing (Djúpavogshreppur),true,false,false,true,true,matched_exact,1.000,samband_grunnskolar_excel,2,,Exact normalized match.
Egilsstaðaskóli,egilsstadaskoli,analysis_required,Egilsstaðaskóli,Múlaþing (Fljótsdalshérað),true,true,true,true,true,matched_exact,1.000,samband_grunnskolar_excel,19,,Exact normalized match.
Einholtsskóli,einholtsskoli,reference_only,,,false,false,false,true,true,needs_manual_review,0.857,,,,"No exact, rule, municipality, or high-confidence fuzzy match accepted."
Engidalsskóli,engidalsskoli,reference_only,Engidalsskóli,Hafnarfjarðarkaupstaður,false,false,false,true,true,matched_exact,1.000,samband_grunnskolar_excel,,,Exact normalized match.
Engjaskóli,engjaskoli,reference_only,Engjaskóli,Reykjavíkurborg,false,false,false,true,true,matched_exact,1.000,samband_grunnskolar_excel,,,Exact normalized match.
Eskifjarðarskóli,eskifjardarskoli,analysis_required,,,true,false,false,true,true,needs_manual_review,0.824,,2,,"No exact, rule, municipality, or high-confidence fuzzy match accepted."
Færri en 5 nemendur,faerri en 5 nemendur,excluded_group_or_aggregate,,,false,true,true,false,false,excluded_group_or_aggregate,1.000,rule,,,Grouped or aggregate source row; no sveitarfelag assigned.
"Fellaskóli, Fellabæ",fellaskoli fellabae,analysis_required,"Fellaskóli, Fellabæ",Fljótsdalshérað,true,false,true,false,false,matched_exact,1.000,samband_grunnskolar_excel,5,,Exact normalized match.
Fellaskóli (Fellabæ),fellaskoli fellabae,reference_only,"Fellaskóli, Fellabæ",Fljótsdalshérað,false,false,false,true,true,matched_exact,1.000,samband_grunnskolar_excel,,,Exact normalized match.
"Fellaskóli, Norðurfelli",fellaskoli nordurfelli,analysis_required,,Reykjavíkurborg,true,false,true,false,false,matched_municipality_rule_canonical_uncertain,,municipality_location_hint,8,,Sveitarfelag assigned from explicit location signal in source name; canonical school remains uncertain.
Fellaskóli (Reykjavík),fellaskoli reykjavik,reference_only,Fellaskóli,Reykjavíkurborg,false,false,false,true,true,matched_rule,1.000,samband_grunnskolar_excel_alias,,,"Matched by conservative alias rule: slash, parenthetical, or Grunnskólinn/Grunnskóli variant."
Finnbogastaðaskóli,finnbogastadaskoli,reference_only,,,false,false,false,true,true,needs_manual_review,,,,,"No exact, rule, municipality, or high-confidence fuzzy match accepted."
Flataskóli,flataskoli,reference_only,Flataskóli,Garðabær,false,false,false,true,true,matched_exact,1.000,samband_grunnskolar_excel,,,Exact normalized match.
Fljótshlíðarskóli,fljotshlidarskoli,reference_only,,,false,false,false,true,true,needs_manual_review,0.786,,,,"No exact, rule, municipality, or high-confidence fuzzy match accepted."
Flóaskóli,floaskoli,analysis_required,Flóaskóli,Flóahreppur,true,false,true,true,true,matched_exact,1.000,samband_grunnskolar_excel,5,,Exact normalized match.
Flúðaskóli,fludaskoli,analysis_required,Flúðaskóli,Hrunamannahreppur,true,true,true,true,true,matched_exact,1.000,samband_grunnskolar_excel,13,,Exact normalized match.
Foldaskóli,foldaskoli,analysis_required,Foldaskóli,Reykjavíkurborg,true,true,true,true,true,matched_exact,1.000,samband_grunnskolar_excel,47,,Exact normalized match.
Fossvogsskóli,fossvogsskoli,reference_only,Fossvogsskóli,Reykjavíkurborg,false,false,false,true,true,matched_exact,1.000,samband_grunnskolar_excel,,,Exact normalized match.
Framsýn menntun ehf.,framsyn menntun,analysis_required,,,true,false,false,false,false,needs_manual_review,,,2,,"No exact, rule, municipality, or high-confidence fuzzy match accepted."
Gagnfræðaskólinn Ólafsfirði,gagnfraedaskolinn olafsfirdi,reference_only,,,false,false,false,true,true,needs_manual_review,,,,,"No exact, rule, municipality, or high-confidence fuzzy match accepted."
Garðaskóli,gardaskoli,analysis_required,Garðaskóli,Garðabær,true,true,true,true,true,matched_exact,1.000,samband_grunnskolar_excel,142,,Exact normalized match.
Gaulverjaskóli,gaulverjaskoli,reference_only,,,false,false,false,true,true,needs_manual_review,0.800,,,,"No exact, rule, municipality, or high-confidence fuzzy match accepted."
Gerðaskóli,gerdaskoli,analysis_required,Gerðaskóli,Sveitarfélagið Garður,true,false,true,true,true,matched_exact,1.000,samband_grunnskolar_excel,6,,Exact normalized match.
Giljaskóli,giljaskoli,analysis_required,Giljaskóli,Akureyrarkaupstaður,true,true,true,true,true,matched_exact,1.000,samband_grunnskolar_excel,23,,Exact normalized match.
Glerárskóli,glerarskoli,analysis_required,Glerárskóli,Akureyrarkaupstaður,true,true,true,true,true,matched_exact,1.000,samband_grunnskolar_excel,15,,Exact normalized match.
Gnúpverjaskóli,gnupverjaskoli,reference_only,,,false,false,false,true,true,needs_manual_review,,,,,"No exact, rule, municipality, or high-confidence fuzzy match accepted."
Grandaskóli,grandaskoli,reference_only,Grandaskóli,Reykjavíkurborg,false,false,false,true,true,matched_exact,1.000,samband_grunnskolar_excel,,,Exact normalized match.
Grenivíkurskóli,grenivikurskoli,analysis_required,Grenivíkurskóli,Grýtubakkahreppur,true,false,false,true,true,matched_exact,1.000,samband_grunnskolar_excel,2,,Exact normalized match.
Grundaskóli,grundaskoli,analysis_required,Grundaskóli,Akraneskaupstaður,true,true,true,true,true,matched_exact,1.000,samband_grunnskolar_excel,51,,Exact normalized match.
Grunnskóli Akrahrepps,grunnskoli akrahrepps,reference_only,,,false,false,false,true,true,needs_manual_review,,,,,"No exact, rule, municipality, or high-confidence fuzzy match accepted."
Grunnskóli Bláskógabyggðar/Bláskógaskóli,grunnskoli blaskogabyggdar blaskogaskoli,reference_only,,,false,false,false,true,true,needs_manual_review,,,,,"No exact, rule, municipality, or high-confidence fuzzy match accepted."
Grunnskóli Bolungarvíkur,grunnskoli bolungarvikur,analysis_required,Grunnskólinn í Bolungarvík,Bolungarvík,true,true,true,true,true,matched_fuzzy_high_confidence,0.957,samband_grunnskolar_excel,7,,High-confidence fuzzy normalized match; review optional.
Grunnskóli Borgarfjarðar,grunnskoli borgarfjardar,analysis_required,Grunnskóli Borgarfjarðar,Borgarbyggð,true,false,true,true,true,matched_exact,1.000,samband_grunnskolar_excel,9,,Exact normalized match.
Grunnskóli Borgarfjarðar-eystri,grunnskoli borgarfjardar eystri,analysis_required,Grunnskóli Borgarfjarðar eystri,Múlaþing (Borgarfjarðarhreppur),true,false,false,false,false,matched_exact,1.000,samband_grunnskolar_excel,1,,Exact normalized match.
Grunnskóli Borgarfjarðar eystri,grunnskoli borgarfjardar eystri,reference_only,Grunnskóli Borgarfjarðar eystri,Múlaþing (Borgarfjarðarhreppur),false,false,false,true,true,matched_exact,1.000,samband_grunnskolar_excel,,,Exact normalized match.
Grunnskóli Dalvíkurbyggðar,grunnskoli dalvikurbyggdar,reference_only,,,false,false,false,true,true,needs_manual_review,0.800,,,,"No exact, rule, municipality, or high-confidence fuzzy match accepted."
Grunnskóli Djúpavogs,grunnskoli djupavogs,analysis_required,,,true,false,false,false,false,needs_manual_review,,,1,,"No exact, rule, municipality, or high-confidence fuzzy match accepted."
Grunnskóli Drangsness,grunnskoli drangsness,reference_only,Grunnskóli Drangsnes,Kaldrananeshreppur,false,false,false,true,true,matched_fuzzy_high_confidence,0.976,samband_grunnskolar_excel,,,High-confidence fuzzy normalized match; review optional.
Grunnskóli Fáskrúðsfjarðar,grunnskoli faskrudsfjardar,reference_only,Grunnskóli Fáskrúðsfjarðar,Fjarðabyggð,false,false,false,true,true,matched_exact,1.000,samband_grunnskolar_excel,,,Exact normalized match.
Grunnskóli Fjallabyggðar,grunnskoli fjallabyggdar,analysis_required,Grunnskóli Fjallabyggðar,Fjallabyggð,true,false,true,true,true,matched_exact,1.000,samband_grunnskolar_excel,6,,Exact normalized match.
Grunnskóli Grindavíkur,grunnskoli grindavikur,analysis_required,,Grindavíkurbær,true,true,true,true,true,matched_municipality_rule_canonical_uncertain,,municipality_location_hint,26,,Sveitarfelag assigned from explicit location signal in source name; canonical school remains uncertain.
Grunnskóli Grundarfjarðar,grunnskoli grundarfjardar,analysis_required,Grunnskóli Grundarfjarðar,Grundarfjarðarbær,true,true,true,true,true,matched_exact,1.000,samband_grunnskolar_excel,7,,Exact normalized match.
Grunnskóli Hornafjarðar,grunnskoli hornafjardar,analysis_required,Grunnskóli Hornafjarðar,Sveitarfélagið Hornafjörður,true,true,true,true,true,matched_exact,1.000,samband_grunnskolar_excel,16,,Exact normalized match.
Grunnskóli Húnaþings vestra,grunnskoli hunathings vestra,analysis_required,Grunnskóli Húnaþings vestra,Húnaþing vestra,true,false,true,true,true,matched_exact,1.000,samband_grunnskolar_excel,7,,Exact normalized match.
Grunnskóli Mjóafjarðar,grunnskoli mjoafjardar,reference_only,,,false,false,false,true,true,needs_manual_review,0.889,,,,"No exact, rule, municipality, or high-confidence fuzzy match accepted."
Grunnskóli Önundarfjarðar,grunnskoli onundarfjardar,reference_only,,,false,false,false,true,true,needs_manual_review,0.920,,,,"No exact, rule, municipality, or high-confidence fuzzy match accepted."
Grunnskóli Raufarhafnar,grunnskoli raufarhafnar,reference_only,,,false,false,false,true,true,needs_manual_review,0.783,,,,"No exact, rule, municipality, or high-confidence fuzzy match accepted."
Grunnskóli Reyðarfjarðar,grunnskoli reydarfjardar,analysis_required,Grunnskóli Reyðarfjarðar,Fjarðabyggð,true,false,true,true,true,matched_exact,1.000,samband_grunnskolar_excel,10,,Exact normalized match.
Grunnskóli Seltjarnarness,grunnskoli seltjarnarness,analysis_required,,Seltjarnarneskaupstaður,true,true,true,true,true,matched_municipality_rule_canonical_uncertain,,municipality_location_hint,29,,Sveitarfelag assigned from explicit location signal in source name; canonical school remains uncertain.
Grunnskóli Siglufjarðar,grunnskoli siglufjardar,reference_only,,,false,false,false,true,true,needs_manual_review,0.889,,,,"No exact, rule, municipality, or high-confidence fuzzy match accepted."
Grunnskóli Snæfellsbæjar,grunnskoli snaefellsbaejar,analysis_required,Grunnskóli Snæfellsbæjar,Snæfellsbær,true,true,true,true,true,matched_exact,1.000,samband_grunnskolar_excel,18,,Exact normalized match.
Grunnskóli Vestmannaeyja,grunnskoli vestmannaeyja,analysis_required,Grunnskóli Vestmannaeyja/Barnaskólinn,Vestmannaeyjabær,true,true,true,true,true,matched_exact,1.000,samband_grunnskolar_excel,31,,Exact normalized match.
Grunnskóli Vesturbyggðar,grunnskoli vesturbyggdar,analysis_required,,Vesturbyggð,true,false,false,false,false,matched_municipality_rule_canonical_uncertain,,municipality_location_hint,4,,Sveitarfelag assigned from explicit location signal in source name; canonical school remains uncertain.
Grunnskólinn á Bakkafirði,grunnskolinn a bakkafirdi,reference_only,,,false,false,false,true,true,needs_manual_review,0.875,,,,"No exact, rule, municipality, or high-confidence fuzzy match accepted."
Grunnskólinn á Blönduósi/Blönduskóli,grunnskolinn a blonduosi blonduskoli,reference_only,,,false,false,false,true,true,needs_manual_review,,,,,"No exact, rule, municipality, or high-confidence fuzzy match accepted."
Grunnskólinn á Borðeyri,grunnskolinn a bordeyri,reference_only,,,false,false,false,true,true,needs_manual_review,0.851,,,,"No exact, rule, municipality, or high-confidence fuzzy match accepted."
Grunnskólinn á Eskifirði,grunnskolinn a eskifirdi,analysis_required,,,true,false,false,false,false,needs_manual_review,0.894,,4,,"No exact, rule, municipality, or high-confidence fuzzy match accepted."
Grunnskólinn á Hellissandi,grunnskolinn a hellissandi,reference_only,,,false,false,false,true,true,needs_manual_review,0.826,,,,"No exact, rule, municipality, or high-confidence fuzzy match accepted."
Grunnskólinn á Hólmavík,grunnskolinn a holmavik,reference_only,Grunnskólinn á Hólmavík,Strandabyggð,false,false,false,true,true,matched_exact,1.000,samband_grunnskolar_excel,,,Exact normalized match.
Grunnskólinn á Ísafirði,grunnskolinn a isafirdi,analysis_required,Grunnskólinn á Ísafirði,Ísafjarðarbær,true,true,true,true,true,matched_exact,1.000,samband_grunnskolar_excel,26,,Exact normalized match.
Grunnskólinn á Laugarvatni,grunnskolinn a laugarvatni,reference_only,,,false,false,false,true,true,needs_manual_review,0.902,,,,"No exact, rule, municipality, or high-confidence fuzzy match accepted."
Grunnskólinn á Stöðvarfirði,grunnskolinn a stodvarfirdi,reference_only,,,false,false,false,true,true,needs_manual_review,0.880,,,,"No exact, rule, municipality, or high-confidence fuzzy match accepted."
Grunnskólinn á Suðureyri,grunnskolinn a sudureyri,analysis_required,Grunnskólinn á Suðureyri,Ísafjarðarbær,true,false,true,true,true,matched_exact,1.000,samband_grunnskolar_excel,5,,Exact normalized match.
Grunnskólinn á Þingeyri,grunnskolinn a thingeyri,analysis_required,Grunnskólinn Þingeyri,Ísafjarðarbær,true,false,false,false,false,matched_rule,1.000,samband_grunnskolar_excel_alias,2,,"Matched by conservative alias rule: slash, parenthetical, or Grunnskólinn/Grunnskóli variant."
Grunnskólinn á Þórshöfn,grunnskolinn a thorshofn,analysis_required,Grunnskólinn á Þórshöfn,Langanesbyggð,true,false,false,true,true,matched_exact,1.000,samband_grunnskolar_excel,3,,Exact normalized match.
Grunnskólinn að Hólum,grunnskolinn ad holum,reference_only,,,false,false,false,true,true,needs_manual_review,0.878,,,,"No exact, rule, municipality, or high-confidence fuzzy match accepted."
Grunnskólinn austan Vatna,grunnskolinn austan vatna,analysis_required,Grunnskólinn austan Vatna,Sveitarfélagið Skagafjörður,true,false,false,true,true,matched_exact,1.000,samband_grunnskolar_excel,4,,Exact normalized match.
Grunnskólinn Hellu,grunnskolinn hellu,analysis_required,Grunnskólinn á Hellu,Rangárþing ytra,true,false,true,true,true,matched_rule,1.000,samband_grunnskolar_excel_alias,11,,"Matched by conservative alias rule: slash, parenthetical, or Grunnskólinn/Grunnskóli variant."
Grunnskólinn Hofsósi,grunnskolinn hofsosi,reference_only,,,false,false,false,true,true,needs_manual_review,0.811,,,,"No exact, rule, municipality, or high-confidence fuzzy match accepted."
Grunnskólinn í Austur-Landeyjum,grunnskolinn i austur landeyjum,reference_only,,,false,false,false,true,true,needs_manual_review,,,,,"No exact, rule, municipality, or high-confidence fuzzy match accepted."
Grunnskólinn í Borgarnesi,grunnskolinn i borgarnesi,analysis_required,Grunnskólinn Borgarnesi,Borgarbyggð,true,true,true,true,true,matched_rule,1.000,samband_grunnskolar_excel_alias,17,,"Matched by conservative alias rule: slash, parenthetical, or Grunnskólinn/Grunnskóli variant."
Grunnskólinn í Breiðdalshreppi,grunnskolinn i breiddalshreppi,reference_only,,,false,false,false,true,true,needs_manual_review,,,,,"No exact, rule, municipality, or high-confidence fuzzy match accepted."
Grunnskólinn í Búðardal,grunnskolinn i budardal,reference_only,,,false,false,false,true,true,needs_manual_review,0.783,,,,"No exact, rule, municipality, or high-confidence fuzzy match accepted."
Grunnskólinn í Grímsey/Grímseyjarskóli,grunnskolinn i grimsey grimseyjarskoli,reference_only,,,false,false,false,true,true,needs_manual_review,,,,,"No exact, rule, municipality, or high-confidence fuzzy match accepted."
Grunnskólinn í Hofgarði,grunnskolinn i hofgardi,reference_only,Grunnskólinn í Hofgarði,Sveitarfélagið Hornafjörður,false,false,false,true,true,matched_exact,1.000,samband_grunnskolar_excel,,,Exact normalized match.
Grunnskólinn í Hveragerði,grunnskolinn i hveragerdi,analysis_required,Grunnskólinn í Hveragerði,Hveragerðisbær,true,true,true,true,true,matched_exact,1.000,samband_grunnskolar_excel,17,,Exact normalized match.
Grunnskólinn í Ólafsfirði,grunnskolinn i olafsfirdi,reference_only,,,false,false,false,true,true,needs_manual_review,0.850,,,,"No exact, rule, municipality, or high-confidence fuzzy match accepted."
Grunnskólinn í Ólafsvík,grunnskolinn i olafsvik,reference_only,,,false,false,false,true,true,needs_manual_review,0.895,,,,"No exact, rule, municipality, or high-confidence fuzzy match accepted."
Grunnskólinn í Sandgerði,grunnskolinn i sandgerdi,analysis_required,Grunnskólinn í Sandgerði,Sandgerðisbær,true,false,true,false,false,matched_exact,1.000,samband_grunnskolar_excel,6,,Exact normalized match.
Grunnskólinn í Stykkishólmi,grunnskolinn i stykkisholmi,analysis_required,Grunnskólinn Stykkishólmi,Stykkishólmsbær,true,false,true,true,true,matched_rule,1.000,samband_grunnskolar_excel_alias,8,,"Matched by conservative alias rule: slash, parenthetical, or Grunnskólinn/Grunnskóli variant."
Grunnskólinn í Svalbarðshreppi/Svalbarðsskóli,grunnskolinn i svalbardshreppi svalbardsskoli,reference_only,,,false,false,false,true,true,needs_manual_review,,,,,"No exact, rule, municipality, or high-confidence fuzzy match accepted."
Grunnskólinn í Þorlákshöfn,grunnskolinn i thorlakshofn,analysis_required,Grunnskólinn í Þorlákshöfn,Sveitarfélagið Ölfus,true,true,true,true,true,matched_exact,1.000,samband_grunnskolar_excel,23,,Exact normalized match.
Grunnskólinn Ljósaborg,grunnskolinn ljosaborg,reference_only,,,false,false,false,true,true,needs_manual_review,,,,,"No exact, rule, municipality, or high-confidence fuzzy match accepted."
Grunnskólinn Þingeyri,grunnskolinn thingeyri,reference_only,Grunnskólinn Þingeyri,Ísafjarðarbær,false,false,false,true,true,matched_exact,1.000,samband_grunnskolar_excel,,,Exact normalized match.
Grunnskólinn Tjarnarlundi,grunnskolinn tjarnarlundi,reference_only,,,false,false,false,true,true,needs_manual_review,,,,,"No exact, rule, municipality, or high-confidence fuzzy match accepted."
Háaleitisskóli,haaleitisskoli,reference_only,Háaleitisskóli,Reykjanesbær,false,false,false,true,true,matched_exact,1.000,samband_grunnskolar_excel,,,Exact normalized match.
Háaleitisskóli - Álftamýri,haaleitisskoli alftamyri,analysis_required,,Reykjavíkurborg,true,true,true,false,false,matched_municipality_rule_canonical_uncertain,,municipality_location_hint,10,,Sveitarfelag assigned from explicit location signal in source name; canonical school remains uncertain.
Háaleitisskóli - Reykjanesbæ,haaleitisskoli reykjanesbae,analysis_required,,Reykjanesbær,true,true,true,false,false,matched_municipality_rule_canonical_uncertain,,municipality_location_hint,8,,Sveitarfelag assigned from explicit location signal in source name; canonical school remains uncertain.
Háaleitisskóli (Reykjanesbæ),haaleitisskoli reykjanesbae,reference_only,Háaleitisskóli,Reykjanesbær,false,false,false,true,true,matched_rule,1.000,samband_grunnskolar_excel_alias,,,"Matched by conservative alias rule: slash, parenthetical, or Grunnskólinn/Grunnskóli variant."
Hafnarskóli,hafnarskoli,reference_only,,,false,false,false,true,true,needs_manual_review,0.857,,,,"No exact, rule, municipality, or high-confidence fuzzy match accepted."
Hafralækjarskóli,hafralaekjarskoli,analysis_required,,,true,true,true,true,true,needs_manual_review,0.828,,7,,"No exact, rule, municipality, or high-confidence fuzzy match accepted."
Hagaskóli,hagaskoli,analysis_required,Hagaskóli,Reykjavíkurborg,true,true,true,true,true,matched_exact,1.000,samband_grunnskolar_excel,148,,Exact normalized match.
Hallormsstaðaskóli,hallormsstadaskoli,reference_only,,,false,false,false,true,true,needs_manual_review,,,,,"No exact, rule, municipality, or high-confidence fuzzy match accepted."
Hamarsskóli Vestmannaeyjum,hamarsskoli vestmannaeyjum,reference_only,,,false,false,false,true,true,needs_manual_review,0.800,,,,"No exact, rule, municipality, or high-confidence fuzzy match accepted."
Hamraskóli,hamraskoli,reference_only,Hamraskóli,Reykjavíkurborg,false,false,false,true,true,matched_exact,1.000,samband_grunnskolar_excel,,,Exact normalized match.
Háteigsskóli,hateigsskoli,analysis_required,Háteigsskóli,Reykjavíkurborg,true,true,true,true,true,matched_exact,1.000,samband_grunnskolar_excel,32,,Exact normalized match.
Heiðarskóli - Hvalfjarðarsveit,heidarskoli hvalfjardarsveit,analysis_required,,Hvalfjarðarsveit,true,false,false,false,false,matched_municipality_rule_canonical_uncertain,,municipality_location_hint,4,,Sveitarfelag assigned from explicit location signal in source name; canonical school remains uncertain.
Heiðarskóli (Hvalfjarðarsveit),heidarskoli hvalfjardarsveit,reference_only,Heiðarskóli,Reykjanesbær,false,false,false,true,true,matched_rule,1.000,samband_grunnskolar_excel_alias,,,"Matched by conservative alias rule: slash, parenthetical, or Grunnskólinn/Grunnskóli variant."
Heiðarskóli - Reykjanesbæ,heidarskoli reykjanesbae,analysis_required,,Reykjanesbær,true,true,true,false,false,matched_municipality_rule_canonical_uncertain,,municipality_location_hint,31,,Sveitarfelag assigned from explicit location signal in source name; canonical school remains uncertain.
Heiðarskóli (Reykjanesbæ),heidarskoli reykjanesbae,reference_only,Heiðarskóli,Reykjanesbær,false,false,false,true,true,matched_rule,1.000,samband_grunnskolar_excel_alias,,,"Matched by conservative alias rule: slash, parenthetical, or Grunnskólinn/Grunnskóli variant."
Heild,heild,excluded_group_or_aggregate,,,false,false,true,false,false,excluded_group_or_aggregate,1.000,rule,,,Grouped or aggregate source row; no sveitarfelag assigned.
Helgafellsskóli,helgafellsskoli,reference_only,Helgafellsskóli,Mosfellsbær,false,false,false,true,true,matched_exact,1.000,samband_grunnskolar_excel,,,Exact normalized match.
Heppuskóli,heppuskoli,reference_only,,,false,false,false,true,true,needs_manual_review,,,,,"No exact, rule, municipality, or high-confidence fuzzy match accepted."
Hjallaskóli,hjallaskoli,reference_only,,,false,false,false,true,true,needs_manual_review,0.857,,,,"No exact, rule, municipality, or high-confidence fuzzy match accepted."
Hlíðarhúsaskóli,hlidarhusaskoli,reference_only,,,false,false,false,true,true,needs_manual_review,0.846,,,,"No exact, rule, municipality, or high-confidence fuzzy match accepted."
Hlíðarskóli,hlidarskoli,reference_only,Hlíðarskóli,Akureyrarkaupstaður,false,false,false,true,true,matched_exact,1.000,samband_grunnskolar_excel,,,Exact normalized match.
Hlíðarskóli Akureyri,hlidarskoli akureyri,analysis_required,,Akureyrarkaupstaður,true,false,false,false,false,matched_municipality_rule_canonical_uncertain,,municipality_location_hint,1,,Sveitarfelag assigned from explicit location signal in source name; canonical school remains uncertain.
Hlíðaskóli,hlidaskoli,analysis_required,Hlíðaskóli,Reykjavíkurborg,true,true,true,true,true,matched_exact,1.000,samband_grunnskolar_excel,35,,Exact normalized match.
Höfðaskóli,hofdaskoli,analysis_required,Höfðaskóli,Sveitarfélagið Skagaströnd,true,false,false,true,true,matched_exact,1.000,samband_grunnskolar_excel,3,,Exact normalized match.
Hofsstaðaskóli,hofsstadaskoli,reference_only,Hofstaðaskóli,Garðabær,false,false,false,true,true,matched_fuzzy_high_confidence,0.963,samband_grunnskolar_excel,,,High-confidence fuzzy normalized match; review optional.
Hólabrekkuskóli,holabrekkuskoli,analysis_required,Hólabrekkuskóli,Reykjavíkurborg,true,true,true,true,true,matched_exact,1.000,samband_grunnskolar_excel,26,,Exact normalized match.
Holtaskóli,holtaskoli,analysis_required,Holtaskóli,Reykjanesbær,true,true,true,true,true,matched_exact,1.000,samband_grunnskolar_excel,19,,Exact normalized match.
Hörðuvallaskóli,horduvallaskoli,analysis_required,Hörðuvallaskóli,Kópavogsbær,true,true,true,true,true,matched_exact,1.000,samband_grunnskolar_excel,59,,Exact normalized match.
Hrafnagilsskóli,hrafnagilsskoli,analysis_required,Hrafnagilsskóli,Eyjafjarðarsveit,true,true,true,true,true,matched_exact,1.000,samband_grunnskolar_excel,11,,Exact normalized match.
Hraunvallaskóli,hraunvallaskoli,analysis_required,Hraunvallaskóli,Hafnarfjarðarkaupstaður,true,true,true,true,true,matched_exact,1.000,samband_grunnskolar_excel,60,,Exact normalized match.
Hríseyjarskóli,hriseyjarskoli,analysis_required,Hríseyjarskóli,Akureyrarkaupstaður,true,false,false,true,true,matched_exact,1.000,samband_grunnskolar_excel,1,,Exact normalized match.
Hrollaugsstaðaskóli,hrollaugsstadaskoli,reference_only,,,false,false,false,true,true,needs_manual_review,,,,,"No exact, rule, municipality, or high-confidence fuzzy match accepted."
Húnaskóli,hunaskoli,reference_only,Húnaskóli,Blönduósbær,false,false,false,true,true,matched_exact,1.000,samband_grunnskolar_excel,,,Exact normalized match.
Húnavallaskóli,hunavallaskoli,analysis_required,,,true,false,false,true,true,needs_manual_review,0.897,,2,,"No exact, rule, municipality, or high-confidence fuzzy match accepted."
Húsabakkaskóli,husabakkaskoli,reference_only,,,false,false,false,true,true,needs_manual_review,0.783,,,,"No exact, rule, municipality, or high-confidence fuzzy match accepted."
Húsaskóli,husaskoli,reference_only,Húsaskóli,Reykjavíkurborg,false,false,false,true,true,matched_exact,1.000,samband_grunnskolar_excel,,,Exact normalized match.
Hvaleyrarskóli,hvaleyrarskoli,analysis_required,Hvaleyrarskóli,Hafnarfjarðarkaupstaður,true,true,true,true,true,matched_exact,1.000,samband_grunnskolar_excel,24,,Exact normalized match.
Hvassaleitisskóli,hvassaleitisskoli,reference_only,Hvassaleitisskóli,Reykjavíkurborg,false,false,false,true,true,matched_exact,1.000,samband_grunnskolar_excel,,,Exact normalized match.
Hvolsskóli,hvolsskoli,analysis_required,Hvolsskóli,Rangárþing eystra,true,false,true,true,true,matched_exact,1.000,samband_grunnskolar_excel,9,,Exact normalized match.
Ingunnarskóli,ingunnarskoli,analysis_required,Ingunnarskóli,Reykjavíkurborg,true,true,true,true,true,matched_exact,1.000,samband_grunnskolar_excel,31,,Exact normalized match.
Kársnesskóli,karsnesskoli,analysis_required,Kársnesskóli,Kópavogsbær,true,true,true,true,true,matched_exact,1.000,samband_grunnskolar_excel,39,,Exact normalized match.
Kelduskóli,kelduskoli,reference_only,,,false,false,false,true,true,needs_manual_review,,,,,"No exact, rule, municipality, or high-confidence fuzzy match accepted."
Kelduskóli - Vík,kelduskoli vik,analysis_required,,,true,false,true,false,false,needs_manual_review,,,7,,"No exact, rule, municipality, or high-confidence fuzzy match accepted."
Kerhólsskóli,kerholsskoli,analysis_required,Kerhólsskól,Grímsnes- og Grafningsher.,true,false,false,true,true,matched_fuzzy_high_confidence,0.957,samband_grunnskolar_excel,1,,High-confidence fuzzy normalized match; review optional.
Kirkjubæjarskóli,kirkjubaejarskoli,analysis_required,Kirkjubæjarskóli,Skaftárhreppur,true,false,false,true,true,matched_exact,1.000,samband_grunnskolar_excel,2,,Exact normalized match.
Klébergsskóli,klebergsskoli,analysis_required,Klébergsskóli,Reykjavíkurborg,true,false,true,true,true,matched_exact,1.000,samband_grunnskolar_excel,8,,Exact normalized match.
Kleppjárnsreykjaskóli,kleppjarnsreykjaskoli,reference_only,,,false,false,false,true,true,needs_manual_review,,,,,"No exact, rule, municipality, or high-confidence fuzzy match accepted."
Klettaskóli,klettaskoli,reference_only,Klettaskóli,Reykjavíkurborg,false,false,false,true,true,matched_exact,1.000,samband_grunnskolar_excel,,,Exact normalized match.
Kópaskersskóli,kopaskersskoli,reference_only,,,false,false,false,true,true,needs_manual_review,,,,,"No exact, rule, municipality, or high-confidence fuzzy match accepted."
Kópavogsskóli,kopavogsskoli,analysis_required,Kópavogsskóli,Kópavogsbær,true,false,true,true,true,matched_exact,1.000,samband_grunnskolar_excel,20,,Exact normalized match.
Kóraskóli,koraskoli,reference_only,Kóraskóli,Kópavogsbær,false,false,false,true,true,matched_exact,1.000,samband_grunnskolar_excel,,,Exact normalized match.
Korpuskóli,korpuskoli,reference_only,,,false,false,false,true,true,needs_manual_review,0.842,,,,"No exact, rule, municipality, or high-confidence fuzzy match accepted."
Krikaskóli,krikaskoli,reference_only,Krikaskóli,Mosfellsbær,false,false,false,true,true,matched_exact,1.000,samband_grunnskolar_excel,,,Exact normalized match.
Kvíslarskóli,kvislarskoli,reference_only,Kvíslarskóli,Mosfellsbær,false,false,false,true,true,matched_exact,1.000,samband_grunnskolar_excel,,,Exact normalized match.
Lækjarskóli,laekjarskoli,analysis_required,Lækjarskóli,Hafnarfjarðarkaupstaður,true,true,true,true,true,matched_exact,1.000,samband_grunnskolar_excel,28,,Exact normalized match.
Lágafellsskóli,lagafellsskoli,analysis_required,Lágafellsskóli,Mosfellsbær,true,true,true,true,true,matched_exact,1.000,samband_grunnskolar_excel,39,,Exact normalized match.
Landakotsskóli,landakotsskoli,analysis_required,Landakotsskóli,Reykjavíkurborg,true,false,true,true,true,matched_exact,1.000,samband_grunnskolar_excel,9,,Exact normalized match.
Langholtsskóli,langholtsskoli,analysis_required,Langholtsskóli,Reykjavíkurborg,true,true,true,true,true,matched_exact,1.000,samband_grunnskolar_excel,30,,Exact normalized match.
Laugalækjarskóli,laugalaekjarskoli,analysis_required,Laugalækjarskóli,Reykjavíkurborg,true,true,true,true,true,matched_exact,1.000,samband_grunnskolar_excel,51,,Exact normalized match.
Laugalandsskóli í Holtum,laugalandsskoli i holtum,analysis_required,,,true,false,true,true,true,needs_manual_review,,,6,,"No exact, rule, municipality, or high-confidence fuzzy match accepted."
Laugargerðisskóli,laugargerdisskoli,reference_only,,,false,false,false,true,true,needs_manual_review,0.839,,,,"No exact, rule, municipality, or high-confidence fuzzy match accepted."
Laugarnesskóli,laugarnesskoli,reference_only,Laugarnesskóli,Reykjavíkurborg,false,false,false,true,true,matched_exact,1.000,samband_grunnskolar_excel,,,Exact normalized match.
Lindaskóli,lindaskoli,analysis_required,Lindaskóli,Kópavogsbær,true,true,true,true,true,matched_exact,1.000,samband_grunnskolar_excel,28,,Exact normalized match.
Litlulaugaskóli,litlulaugaskoli,reference_only,,,false,false,false,true,true,needs_manual_review,,,,,"No exact, rule, municipality, or high-confidence fuzzy match accepted."
Ljósafossskóli,ljosafossskoli,reference_only,,,false,false,false,true,true,needs_manual_review,,,,,"No exact, rule, municipality, or high-confidence fuzzy match accepted."
Lundarskóli,lundarskoli,analysis_required,Lundarskóli,Akureyrarkaupstaður,true,true,true,true,true,matched_exact,1.000,samband_grunnskolar_excel,32,,Exact normalized match.
Lýsuhólsskóli,lysuholsskoli,reference_only,,,false,false,false,true,true,needs_manual_review,0.800,,,,"No exact, rule, municipality, or high-confidence fuzzy match accepted."
Meðferðarheimilið á Torfastöðum,medferdarheimilid a torfastodum,reference_only,,,false,false,false,true,true,needs_manual_review,,,,,"No exact, rule, municipality, or high-confidence fuzzy match accepted."
Melaskóli,melaskoli,reference_only,Melaskóli,Reykjavíkurborg,false,false,false,true,true,matched_exact,1.000,samband_grunnskolar_excel,,,Exact normalized match.
Myllubakkaskóli,myllubakkaskoli,analysis_required,Myllubakkaskóli,Reykjanesbær,true,true,true,true,true,matched_exact,1.000,samband_grunnskolar_excel,14,,Exact normalized match.
Mýrarhúsaskóli,myrarhusaskoli,reference_only,Mýrarhúsaskóli,Seltjarnarneskaupstaður,false,false,false,true,true,matched_exact,1.000,samband_grunnskolar_excel,,,Exact normalized match.
Naustaskóli,naustaskoli,analysis_required,Naustaskóli,Akureyrarkaupstaður,true,true,true,true,true,matched_exact,1.000,samband_grunnskolar_excel,22,,Exact normalized match.
Nesjaskóli,nesjaskoli,reference_only,,,false,false,false,true,true,needs_manual_review,0.889,,,,"No exact, rule, municipality, or high-confidence fuzzy match accepted."
Nesskóli,nesskoli,analysis_required,Nesskóli,Fjarðabyggð,true,true,true,true,true,matched_exact,1.000,samband_grunnskolar_excel,10,,Exact normalized match.
Njarðvíkurskóli,njardvikurskoli,analysis_required,Njarðvíkurskóli,Reykjanesbær,true,true,true,true,true,matched_exact,1.000,samband_grunnskolar_excel,21,,Exact normalized match.
Norðlingaskóli,nordlingaskoli,analysis_required,Norðlingaskóli,Reykjavíkurborg,true,true,true,true,true,matched_exact,1.000,samband_grunnskolar_excel,34,,Exact normalized match.
NÚ,nu,reference_only,NÚ,Hafnarfjarðarkaupstaður,false,false,false,true,true,matched_exact,1.000,samband_grunnskolar_excel,,,Exact normalized match.
NÚ - framsýn menntun,nu framsyn menntun,analysis_required,,,true,false,true,false,false,needs_manual_review,,,5,,"No exact, rule, municipality, or high-confidence fuzzy match accepted."
Oddeyrarskóli,oddeyrarskoli,analysis_required,Oddeyrarskóli,Akureyrarkaupstaður,true,true,true,true,true,matched_exact,1.000,samband_grunnskolar_excel,11,,Exact normalized match.
Ölduselsskóli,olduselsskoli,analysis_required,Ölduselsskóli,Reykjavíkurborg,true,true,true,true,true,matched_exact,1.000,samband_grunnskolar_excel,23,,Exact normalized match.
Öldutúnsskóli,oldutunsskoli,analysis_required,Öldutúnsskóli,Hafnarfjarðarkaupstaður,true,true,true,true,true,matched_exact,1.000,samband_grunnskolar_excel,26,,Exact normalized match.
Öskjuhlíðarskóli,oskjuhlidarskoli,reference_only,,,false,false,false,true,true,needs_manual_review,0.815,,,,"No exact, rule, municipality, or high-confidence fuzzy match accepted."
Öxarfjarðarskóli,oxarfjardarskoli,reference_only,Öxarfjarðarskóli,Norðurþing,false,false,false,true,true,matched_exact,1.000,samband_grunnskolar_excel,,,Exact normalized match.
Patreksskóli,patreksskoli,analysis_required,Patreksskóli,Vesturbyggð,true,false,false,true,true,matched_exact,1.000,samband_grunnskolar_excel,4,,Exact normalized match.
Réttarholtsskóli,rettarholtsskoli,analysis_required,Réttarholtsskóli,Reykjavíkurborg,true,true,true,true,true,matched_exact,1.000,samband_grunnskolar_excel,105,,Exact normalized match.
Reykhólaskóli,reykholaskoli,analysis_required,Reykhólaskóli,Reykhólahreppur,true,false,false,true,true,matched_exact,1.000,samband_grunnskolar_excel,2,,Exact normalized match.
Reykholtsskóli,reykholtsskoli,reference_only,Reykholtsskóli (Bláskógarbyggð),Bláskógabyggð,false,false,false,true,true,matched_exact,1.000,samband_grunnskolar_excel,,,Exact normalized match.
Reykjahlíðarskóli,reykjahlidarskoli,analysis_required,Reykjahlíðarskóli,Skútustaðahreppur,true,false,false,true,true,matched_exact,1.000,samband_grunnskolar_excel,2,,Exact normalized match.
Reykjavík International School,reykjavik international school,reference_only,,,false,false,false,true,true,needs_manual_review,,,,,"No exact, rule, municipality, or high-confidence fuzzy match accepted."
Rimaskóli,rimaskoli,analysis_required,Rimaskóli,Reykjavíkurborg,true,true,true,true,true,matched_exact,1.000,samband_grunnskolar_excel,29,,Exact normalized match.
Sæmundarskóli,saemundarskoli,analysis_required,Sæmundarskóli,Reykjavíkurborg,true,true,true,true,true,matched_exact,1.000,samband_grunnskolar_excel,41,,Exact normalized match.
Safamýrarskóli,safamyrarskoli,reference_only,,,false,false,false,true,true,needs_manual_review,0.897,,,,"No exact, rule, municipality, or high-confidence fuzzy match accepted."
Salaskóli,salaskoli,analysis_required,Salaskóli,Kópavogsbær,true,true,true,true,true,matched_exact,1.000,samband_grunnskolar_excel,45,,Exact normalized match.
Sandgerðisskóli,sandgerdisskoli,analysis_required,,,true,true,true,true,true,needs_manual_review,,,6,,"No exact, rule, municipality, or high-confidence fuzzy match accepted."
Sandvíkurskóli,sandvikurskoli,reference_only,,,false,false,false,true,true,needs_manual_review,0.857,,,,"No exact, rule, municipality, or high-confidence fuzzy match accepted."
Selásskóli,selasskoli,reference_only,Selásskóli,Reykjavíkurborg,false,false,false,true,true,matched_exact,1.000,samband_grunnskolar_excel,,,Exact normalized match.
Seljalandsskóli,seljalandsskoli,reference_only,,,false,false,false,true,true,needs_manual_review,0.929,,,,"No exact, rule, municipality, or high-confidence fuzzy match accepted."
Seljaskóli,seljaskoli,analysis_required,Seljaskóli,Reykjavíkurborg,true,true,true,true,true,matched_exact,1.000,samband_grunnskolar_excel,32,,Exact normalized match.
Setbergsskóli,setbergsskoli,analysis_required,Setbergsskóli,Hafnarfjarðarkaupstaður,true,false,true,true,true,matched_exact,1.000,samband_grunnskolar_excel,19,,Exact normalized match.
Seyðisfjarðarskóli,seydisfjardarskoli,analysis_required,Seyðisfjarðarskóli,Seyðisfjarðarkaupstaður,true,false,false,true,true,matched_exact,1.000,samband_grunnskolar_excel,4,,Exact normalized match.
Síðuskóli,siduskoli,analysis_required,Síðuskóli,Akureyrarkaupstaður,true,true,true,true,true,matched_exact,1.000,samband_grunnskolar_excel,26,,Exact normalized match.
Sjálandsskóli,sjalandsskoli,analysis_required,Sjálandsskóli,Garðabær,true,false,true,true,true,matched_exact,1.000,samband_grunnskolar_excel,16,,Exact normalized match.
Skarðshlíðarskóli,skardshlidarskoli,reference_only,Skarðshlíðarskóli,Hafnarfjarðarkaupstaður,false,false,false,true,true,matched_exact,1.000,samband_grunnskolar_excel,,,Exact normalized match.
Skóli Ísaks Jónssonar,skoli isaks jonssonar,reference_only,Skóli Ísaks Jónssonar,Reykjavíkurborg,false,false,false,true,true,matched_exact,1.000,samband_grunnskolar_excel,,,Exact normalized match.
Smáraskóli,smaraskoli,analysis_required,Smáraskóli,Kópavogsbær,true,true,true,true,true,matched_exact,1.000,samband_grunnskolar_excel,24,,Exact normalized match.
Snælandsskóli,snaelandsskoli,analysis_required,Snælandsskóli,Kópavogsbær,true,true,true,true,true,matched_exact,1.000,samband_grunnskolar_excel,23,,Exact normalized match.
Sólgarðaskóli,solgardaskoli,reference_only,,,false,false,false,true,true,needs_manual_review,0.870,,,,"No exact, rule, municipality, or high-confidence fuzzy match accepted."
Sólvallaskóli,solvallaskoli,reference_only,,,false,false,false,true,true,needs_manual_review,0.870,,,,"No exact, rule, municipality, or high-confidence fuzzy match accepted."
Stapaskóli,stapaskoli,reference_only,Stapaskóli,Reykjanesbær,false,false,false,true,true,matched_exact,1.000,samband_grunnskolar_excel,,,Exact normalized match.
Steinsstaðaskóli,steinsstadaskoli,reference_only,,,false,false,false,true,true,needs_manual_review,0.839,,,,"No exact, rule, municipality, or high-confidence fuzzy match accepted."
Stekkjaskóli,stekkjaskoli,reference_only,Stekkjaskóli,Sveitarfélagið Árborg,false,false,false,true,true,matched_exact,1.000,samband_grunnskolar_excel,,,Exact normalized match.
Stöðvarfjarðarskóli,stodvarfjardarskoli,analysis_required,,,true,false,false,false,false,needs_manual_review,0.857,,4,,"No exact, rule, municipality, or high-confidence fuzzy match accepted."
Stóru-Vogaskóli,storu vogaskoli,analysis_required,Stóru-Vogaskóli,Sveitarfélagið Vogar,true,false,true,true,true,matched_exact,1.000,samband_grunnskolar_excel,7,,Exact normalized match.
Stórutjarnaskóli,storutjarnaskoli,analysis_required,Stórutjarnaskóli,Þingeyjarsveit,true,false,false,true,true,matched_exact,1.000,samband_grunnskolar_excel,1,,Exact normalized match.
Súðavíkurskóli,sudavikurskoli,analysis_required,Súðavíkurskóli,Súðavík,true,false,false,true,true,matched_exact,1.000,samband_grunnskolar_excel,1,,Exact normalized match.
Suðurhlíðarskóli,sudurhlidarskoli,analysis_required,Suðurhlíðaskóli,Reykjavíkurborg,true,false,false,true,true,matched_fuzzy_high_confidence,0.968,samband_grunnskolar_excel,1,,High-confidence fuzzy normalized match; review optional.
Sunnulækjarskóli,sunnulaekjarskoli,analysis_required,Sunnulækjarskóli,Sveitarfélagið Árborg,true,true,true,true,true,matched_exact,1.000,samband_grunnskolar_excel,41,,Exact normalized match.
Tálknafjarðarskóli,talknafjardarskoli,analysis_required,Tálknafjarðarskóli,Tálknafjarðarhreppur,true,false,true,true,true,matched_exact,1.000,samband_grunnskolar_excel,5,,Exact normalized match.
Þelamerkurskóli,thelamerkurskoli,analysis_required,Þelamerkurskóli,Hörgársveit,true,false,false,true,true,matched_exact,1.000,samband_grunnskolar_excel,3,,Exact normalized match.
Þingborgarskóli,thingborgarskoli,reference_only,,,false,false,false,true,true,needs_manual_review,,,,,"No exact, rule, municipality, or high-confidence fuzzy match accepted."
Þingeyjarskóli,thingeyjarskoli,reference_only,Þingeyjarskóli,Þingeyjarsveit,false,false,false,true,true,matched_exact,1.000,samband_grunnskolar_excel,,,Exact normalized match.
Þjórsárskóli,thjorsarskoli,reference_only,Þjórsárskóli,Skeiða- og Gnúpverjahreppur,false,false,false,true,true,matched_exact,1.000,samband_grunnskolar_excel,,,Exact normalized match.
Þykkvabæjarskóli,thykkvabaejarskoli,reference_only,,,false,false,false,true,true,needs_manual_review,,,,,"No exact, rule, municipality, or high-confidence fuzzy match accepted."
Tjarnarskóli,tjarnarskoli,analysis_required,Tjarnarskóli,Reykjavíkurborg,true,true,true,true,true,matched_exact,1.000,samband_grunnskolar_excel,8,,Exact normalized match.
Urriðaholtsskóli,urridaholtsskoli,reference_only,Urriðaholtsskóli,Garðabær,false,false,false,true,true,matched_exact,1.000,samband_grunnskolar_excel,,,Exact normalized match.
Vættaskóli,vaettaskoli,reference_only,,,false,false,false,true,true,needs_manual_review,0.818,,,,"No exact, rule, municipality, or high-confidence fuzzy match accepted."
Vættaskóli - Engi,vaettaskoli engi,analysis_required,,,true,true,true,false,false,needs_manual_review,,,12,,"No exact, rule, municipality, or high-confidence fuzzy match accepted."
Valhúsaskóli,valhusaskoli,reference_only,Valhúsaskóli,Seltjarnarneskaupstaður,false,false,false,true,true,matched_exact,1.000,samband_grunnskolar_excel,,,Exact normalized match.
Vallaskóli,vallaskoli,analysis_required,Vallaskóli,Sveitarfélagið Árborg,true,true,true,true,true,matched_exact,1.000,samband_grunnskolar_excel,34,,Exact normalized match.
Valsárskóli,valsarskoli,analysis_required,Valsárskóli,Svalbarðsstrandarhreppur,true,false,false,true,true,matched_exact,1.000,samband_grunnskolar_excel,1,,Exact normalized match.
Varmahlíðarskóli,varmahlidarskoli,analysis_required,Varmahlíðaskóli,Sveitarfélagið Skagafjörður,true,false,true,true,true,matched_fuzzy_high_confidence,0.968,samband_grunnskolar_excel,5,,High-confidence fuzzy normalized match; review optional.
Varmalandsskóli,varmalandsskoli,reference_only,,,false,false,false,true,true,needs_manual_review,0.815,,,,"No exact, rule, municipality, or high-confidence fuzzy match accepted."
Varmárskóli,varmarskoli,analysis_required,Varmárskóli,Mosfellsbær,true,true,true,true,true,matched_exact,1.000,samband_grunnskolar_excel,52,,Exact normalized match.
Vatnsendaskóli,vatnsendaskoli,analysis_required,Vatnsendaskóli,Kópavogsbær,true,true,true,true,true,matched_exact,1.000,samband_grunnskolar_excel,36,,Exact normalized match.
Vesturbæjarskóli,vesturbaejarskoli,reference_only,Vesturbæjarskóli,Reykjavíkurborg,false,false,false,true,true,matched_exact,1.000,samband_grunnskolar_excel,,,Exact normalized match.
Vesturhlíðarskóli,vesturhlidarskoli,reference_only,,,false,false,false,true,true,needs_manual_review,0.812,,,,"No exact, rule, municipality, or high-confidence fuzzy match accepted."
Víðistaðaskóli,vidistadaskoli,analysis_required,Víðistaðaskóli,Hafnarfjarðarkaupstaður,true,true,true,true,true,matched_exact,1.000,samband_grunnskolar_excel,41,,Exact normalized match.
Víkurskóli,vikurskoli,analysis_required,,,true,true,true,false,false,needs_manual_review,1.000,,29,,"No exact, rule, municipality, or high-confidence fuzzy match accepted."
Víkurskóli (Reykjavík),vikurskoli reykjavik,reference_only,,,false,false,false,true,true,needs_manual_review,,,,,"No exact, rule, municipality, or high-confidence fuzzy match accepted."
"Víkurskóli, Vík í Mýrdal",vikurskoli vik i myrdal,analysis_required,,Mýrdalshreppur,true,false,false,false,false,matched_municipality_rule_canonical_uncertain,,municipality_location_hint,2,,Sveitarfelag assigned from explicit location signal in source name; canonical school remains uncertain.
Víkurskóli (Vík í Mýrdal),vikurskoli vik i myrdal,reference_only,,Mýrdalshreppur,false,false,false,true,true,matched_municipality_rule_canonical_uncertain,,municipality_location_hint,,,Sveitarfelag assigned from explicit location signal in source name; canonical school remains uncertain.
Villingaholtsskóli,villingaholtsskoli,reference_only,,,false,false,false,true,true,needs_manual_review,0.812,,,,"No exact, rule, municipality, or high-confidence fuzzy match accepted."
Vogaskóli,vogaskoli,analysis_required,Vogaskóli,Reykjavíkurborg,true,true,true,true,true,matched_exact,1.000,samband_grunnskolar_excel,16,,Exact normalized match.
Vopnafjarðarskóli,vopnafjardarskoli,analysis_required,Vopnafjarðarskóli,Vopnafjarðarhreppur,true,false,true,true,true,matched_exact,1.000,samband_grunnskolar_excel,7,,Exact normalized match.
Waldorfskólinn í Lækjarbotnum,waldorfskolinn i laekjarbotnum,analysis_required,Waldorfskólinn Lækjarbotnum,Kópavogsbær,true,false,true,false,false,matched_fuzzy_high_confidence,0.966,samband_grunnskolar_excel,5,,High-confidence fuzzy normalized match; review optional.
Waldorfskólinn Lækjarbotnum,waldorfskolinn laekjarbotnum,reference_only,Waldorfskólinn Lækjarbotnum,Kópavogsbær,false,false,false,true,true,matched_exact,1.000,samband_grunnskolar_excel,,,Exact normalized match.
Waldorfskólinn Sólstafir,waldorfskolinn solstafir,analysis_required,Waldorfskólinn Sólstafir,Reykjavíkurborg,true,false,false,true,true,matched_exact,1.000,samband_grunnskolar_excel,4,,Exact normalized match.
